condition_id,T_C,beta,t_hold,Theta,compaction_density_S,compaction_density_M,compaction_density_L,compaction_density_pattern,compaction_density_full_order_match,compaction_density_is_reversal,compaction_density_prop_S_vs_M,compaction_density_prop_S_vs_L,compaction_density_ML_tie_within_delta,D_sec_S,D_sec_M,D_sec_L,D_sec_pattern,D_sec_full_order_match,D_sec_is_reversal,D_sec_prop_S_vs_M,D_sec_prop_S_vs_L,D_sec_ML_tie_within_delta,circularity_S,circularity_M,circularity_L,circularity_pattern,circularity_full_order_match,circularity_is_reversal,circularity_prop_S_vs_M,circularity_prop_S_vs_L,circularity_ML_tie_within_delta,convexity_S,convexity_M,convexity_L,convexity_pattern,convexity_full_order_match,convexity_is_reversal,convexity_prop_S_vs_M,convexity_prop_S_vs_L,convexity_ML_tie_within_delta,in_T1_sieved_conditions,in_T1_low_theta_sieved_trio
C01,850.0,2.0,10.0,4.174725607225732,3.11,3.42,3.41,S<L<M,False,True,True,True,True,3.870791546133164,8.849368497770836,9.213178512111671,S<M<L,True,False,True,True,,0.718903736468451,0.3856150652261728,0.4735943529558359,M<L<S,False,True,True,True,,0.8789200509925332,0.7706615357311535,0.8287671232876712,M<L<S,False,True,True,True,,True,True
C02,850.0,2.0,15.0,6.181622071984794,3.07,3.43,3.38,S<L<M,False,True,True,True,False,4.208679785659095,9.647374794205136,9.77164328274587,S<M<L,True,False,True,True,,0.6600504103784588,0.3462200452749027,0.4398095588506672,M<L<S,False,True,True,True,,0.8571428571428571,0.7567397010168609,0.8154944770741188,M<L<S,False,True,True,True,,False,False
C03,850.0,2.0,20.0,8.188518536743857,3.2,3.48,3.46,S<L<M,False,True,True,True,False,4.08621916744697,10.295226328041476,9.4697353194502,S<L<M,False,True,True,True,,0.6846060850013922,0.4050851886639898,0.5782163715153235,M<L<S,False,True,True,True,,0.8631578947368421,0.7950938554963686,0.8666440983976529,M<S<L,False,True,True,False,,False,False
C04,850.0,5.0,10.0,4.078166000601167,3.11,3.455,3.4,S<L<M,False,True,True,True,False,4.140241406965356,9.387252839225006,10.238051716608435,S<M<L,True,False,True,True,,0.6653953032174571,0.3752497956842075,0.5309670970352959,M<L<S,False,True,True,True,,0.8598130841121495,0.7689573459715641,0.8574332909783989,M<L<S,False,True,True,True,,True,True
C05,850.0,5.0,15.0,6.085062465360228,3.35,3.45,3.36,S<L<M,False,True,True,True,False,3.8912374721731418,9.846078657768498,9.074313316252915,S<L<M,False,True,True,True,,0.7189860447394287,0.3413827270468627,0.4796625454940836,M<L<S,False,True,True,True,,0.8751770538243626,0.7478152309612984,0.8247322297955209,M<L<S,False,True,True,True,,False,False
C06,850.0,5.0,20.0,8.091958930119292,3.2,3.51,3.47,S<L<M,False,True,True,True,False,4.879321291024226,10.186763881077844,9.732584744931176,S<L<M,False,True,True,True,,0.5858451899641998,0.3505673312117298,0.4819705492755332,M<L<S,False,True,True,True,,0.8294573643410853,0.755672514619883,0.8314720812182741,M<S<L,False,True,True,False,,False,False
C07,850.0,8.0,10.0,4.054026098945026,3.14,3.395,3.4,S<M<L,True,False,True,True,True,4.0156942680121945,9.887901758142648,9.422688717681089,S<L<M,False,True,True,True,,0.7035404000758467,0.3315885899325831,0.42299084584042,M<L<S,False,True,True,True,,0.8712871287128713,0.7470300489168413,0.8039309233650653,M<L<S,False,True,True,True,,True,True
C08,850.0,8.0,15.0,6.060922563704088,3.29,3.26,3.49,M<S<L,False,True,False,True,False,3.935851422566431,8.195652056556362,9.65398923433004,S<M<L,True,False,True,True,,0.6939689557199944,0.3716921096851193,0.4346442203478686,M<L<S,False,True,True,True,,0.8629441624365483,0.7630949480711952,0.8182828563489859,M<L<S,False,True,True,True,,False,False
C09,850.0,8.0,20.0,8.06781902846315,3.14,3.4,3.34,S<L<M,False,True,True,True,False,3.9998532032338936,10.040816527558595,9.594620100662157,S<L<M,False,True,True,True,,0.6949377015008613,0.4176427334040242,0.4860111914298262,M<L<S,False,True,True,True,,0.8689490361060815,0.8101767215112736,0.8391363214113506,M<L<S,False,True,True,True,,False,False
C10,900.0,2.0,10.0,10.435966857121558,3.17,3.42,3.38,S<L<M,False,True,True,True,False,3.967981355043056,10.769934351879687,9.831558786066882,S<L<M,False,True,True,True,,0.6829112386332447,0.3244152633804004,0.4690646534716028,M<L<S,False,True,True,True,,0.8641975308641975,0.7527472527472527,0.832893122534953,M<L<S,False,True,True,True,,False,False
C11,900.0,2.0,15.0,15.435966857121558,3.17,3.42,3.4,S<L<M,False,True,True,True,False,4.0550261985540725,9.197559665162274,10.128950776573635,S<M<L,True,False,True,True,,0.6762511885183883,0.3778060760492182,0.4433810900739104,M<L<S,False,True,True,True,,0.8589743589743589,0.7695229777085391,0.8239545689210118,M<L<S,False,True,True,True,,False,False
C12,900.0,2.0,20.0,20.43596685712156,3.1,3.36,3.33,S<L<M,False,True,True,True,False,4.646043170628641,8.603854503709423,9.634226087709996,S<M<L,True,False,True,True,,0.610513687492284,0.3624917306542036,0.4909921450971725,M<L<S,False,True,True,True,,0.8408450704225352,0.7482494164721574,0.8288636913401064,M<L<S,False,True,True,True,,False,False
C13,900.0,5.0,10.0,10.174386742848624,3.12,3.34,3.33,S<L<M,False,True,True,True,True,4.117175815757948,11.077957875901715,10.47710458162205,S<L<M,False,True,True,True,,0.6655288099050644,0.3286829153153,0.4771004551737191,M<L<S,False,True,True,True,,0.8573097463284379,0.7578155916106054,0.8299180327868851,M<L<S,False,True,True,True,,False,False
C14,900.0,5.0,15.0,15.174386742848624,3.055,3.285,3.37,S<M<L,True,False,True,True,False,3.919687693400157,9.27841144592807,9.27838873842304,S<L<M,False,True,True,True,,0.7057355863466722,0.3315985604989327,0.4369683142439774,M<L<S,False,True,True,True,,0.8705882352941177,0.7425066220549281,0.8150891407152254,M<L<S,False,True,True,True,,True,False
C15,900.0,5.0,20.0,20.174386742848625,3.08,3.36,3.33,S<L<M,False,True,True,True,False,4.227492158576884,10.21321710946393,9.758642039901568,S<L<M,False,True,True,True,,0.6524774587444,0.3455167014478714,0.4914376250034461,M<L<S,False,True,True,True,,0.8544232348111658,0.7552056833813858,0.8365978487161694,M<L<S,False,True,True,True,,False,False
C16,900.0,8.0,10.0,10.108991714280393,3.13,3.4,3.37,S<L<M,False,True,True,True,False,4.411221620440145,10.624528374427824,10.122680920957952,S<L<M,False,True,True,True,,0.6267739636594966,0.3359527396659331,0.4878245707869858,M<L<S,False,True,True,True,,0.8448857032158078,0.7652453003209536,0.8384647827920709,M<L<S,False,True,True,True,,False,False
C17,900.0,8.0,15.0,15.10899171428039,3.06,3.29,3.3,S<M<L,True,False,True,True,True,4.611754560525867,11.839771392430563,10.525241426110606,S<L<M,False,True,True,True,,0.5962876238629882,0.3061840164067754,0.4760156825352625,M<L<S,False,True,True,True,,0.834345429490124,0.7525385054192812,0.8366552007915152,M<S<L,False,True,True,False,,False,False
C18,900.0,8.0,20.0,20.10899171428039,3.04,3.3,3.32,S<M<L,True,False,True,True,False,4.991872966174892,11.127970279117552,11.273942590428806,S<M<L,True,False,True,True,,0.5605387046412269,0.3340086534630376,0.420479334399403,M<L<S,False,True,True,True,,0.8168570784321094,0.7583331945687743,0.805318138651472,M<L<S,False,True,True,True,,False,False
C19,950.0,2.0,10.0,24.21446407057823,3.16,3.34,3.37,S<M<L,True,False,True,True,False,5.3062844292839735,11.765807984953714,11.819581827800263,S<M<L,True,False,True,True,,0.5309043651906313,0.3090964011521875,0.37471958032132,M<L<S,False,True,True,True,,0.8050532697187698,0.7465510624337139,0.7901516617424433,M<L<S,False,True,True,True,,False,False
C20,950.0,2.0,15.0,35.77567253496972,3.26,3.34,3.45,S<M<L,True,False,True,True,False,5.303293287167072,11.568542485201585,11.327312601950805,S<L<M,False,True,True,True,,0.5236644148842428,0.2871032204972198,0.3675766078194761,M<L<S,False,True,True,True,,0.7968750000000001,0.7269451718726857,0.7979172834468775,M<S<L,False,True,True,False,,False,False
C21,950.0,2.0,20.0,47.33688099936123,3.24,3.355,3.325,S<L<M,False,True,True,True,False,5.548999065682753,9.157885118422907,11.826358256378134,S<M<L,True,False,True,True,,0.5180029222813124,0.3130151460837162,0.3190281414260775,M<L<S,False,True,True,True,,0.8047091412742382,0.7251372118551043,0.7608557594865444,M<L<S,False,True,True,True,,True,False
C22,950.0,5.0,10.0,23.55923578550109,3.37,3.5,3.51,S<M<L,True,False,True,True,True,5.56328149565903,12.992805914875769,12.522535138943129,S<L<M,False,True,True,True,,0.49088105596107,0.2441226219486276,0.3227905723752118,M<L<S,False,True,True,True,,0.7854625720191758,0.7132857142857142,0.7728832951945079,M<L<S,False,True,True,True,,False,False
C23,950.0,5.0,15.0,35.12044424989258,3.33,3.43,3.56,S<M<L,True,False,True,True,False,6.886587711776878,9.907145179054211,12.429594538251637,S<M<L,True,False,True,True,,0.4223410298140281,0.3292918926245407,0.3207354068927546,L<M<S,True,False,True,True,,0.7654324353500505,0.7373725058672091,0.7572772161906163,M<L<S,False,True,True,True,,False,False
C24,950.0,5.0,20.0,46.68165271428408,3.1,3.37,3.4,S<M<L,True,False,True,True,False,4.531904977172929,10.88717943418724,11.072225426422966,S<M<L,True,False,True,True,,0.6106123834198492,0.3397693825324865,0.4304883904753143,M<L<S,False,True,True,True,,0.8368592397019667,0.7545605808500984,0.8124499064921187,M<L<S,False,True,True,True,,False,False
C25,950.0,8.0,10.0,23.39542871423181,3.13,3.38,3.41,S<M<L,True,False,True,True,False,5.05820358973422,10.07238157407282,11.271113901373727,S<M<L,True,False,True,True,,0.5624478112643455,0.3686419031995877,0.4311072237386223,M<L<S,False,True,True,True,,0.8183006535947713,0.7722419928825623,0.8224826698120924,M<S<L,False,True,True,False,,False,False
C26,950.0,8.0,15.0,34.956637178623296,3.28,3.44,3.43,S<L<M,False,True,True,True,True,5.415826839329719,12.26383539380828,11.543832104568835,S<L<M,False,True,True,True,,0.5073927498179474,0.3032572824128868,0.3482391535179845,M<L<S,False,True,True,True,,0.7953216374269005,0.7549215406562054,0.770765324628219,M<L<S,False,True,True,True,,False,False
C27,950.0,8.0,20.0,46.5178456430148,3.14,3.38,3.38,S<M=L,False,True,True,True,True,4.830280523803874,11.31609882347827,11.44163562319878,S<M<L,True,False,True,True,,0.5625180144350935,0.3351131984131583,0.4306557348429704,M<L<S,False,True,True,True,,0.817032793777591,0.75,0.8162839248434238,M<L<S,False,True,True,True,,False,False
