sample_id,precursor,n_img_500x,D_sec_old,aspect_ratio_old,circularity_old,convexity_old,n_sec_old,img_h_old,D_sec_new,aspect_ratio_new,circularity_new,convexity_new,n_sec_new,img_h_new
C01-L,L,3,13.710806006839649,1.3781342734075164,0.3919057956860672,0.8263403263403264,89,766,9.178659175631722,1.5086303221939394,0.4659756095412234,0.8287671232876712,595,690
C01-M,M,3,14.114654503472698,1.4021618010465888,0.3220007633795957,0.797422547173295,65,766,9.89752762574621,1.604060247679699,0.3506532746063699,0.7602799292858876,462,690
C01-S,S,3,39.886474410104135,4.167146502873606,0.0805276439294234,0.7062852311161216,9,766,4.956775675920353,1.5928104680979998,0.526110336273809,0.8056737588652482,1869,690
C03-L,L,3,13.085309129289849,1.2867113540973212,0.5295613603666386,0.8904126994502923,146,766,8.836826700587649,1.463492468604901,0.5641893028391685,0.8710263396911899,637,690
C03-M,M,3,13.852307073387678,1.338052729541116,0.3905712600058565,0.8178246645231898,106,766,10.02656471679488,1.5075629126795769,0.4046016890730742,0.796018288705392,476,690
C03-S,S,3,39.35206148126065,3.916182109583788,0.0928962664757953,0.7255756067205974,9,766,5.2762882147993135,1.6323403154155856,0.4904264355408074,0.7921677098349029,1678,690
C04-L,L,3,13.33283040580207,1.338555779246974,0.4507345881903917,0.852239769930053,138,766,9.563113458431914,1.475878409835403,0.5180903480039776,0.8622386194463035,576,690
C04-M,M,3,15.172518729381702,1.4913070912883923,0.2499630202912175,0.7589720536450139,81,766,10.089655988532185,1.586744876394887,0.3537261730450184,0.7645023345249661,484,690
C04-S,S,3,39.276162324097,3.863872912810141,0.081161415262234,0.7513583355420091,9,766,5.345028672818396,1.6361223435200831,0.4885135432810638,0.7940121828991797,1602,690
C07-L,L,3,15.170425102286837,1.6470417418687804,0.2653049268136688,0.7497491102260248,86,766,9.390633805601237,1.5273741627752435,0.422560968849426,0.8063439065108514,607,690
C07-M,M,3,14.60104552199086,1.5717288347082468,0.2348306877069109,0.7254347172504654,78,766,10.339863986674134,1.643408292361506,0.3045816462179009,0.7438070404172099,437,690
C07-S,S,3,38.51122104110544,3.626233276733961,0.0718452571979303,0.7008442669688082,10,766,5.157637250622092,1.5942789330755411,0.5214755654545209,0.8010899182561307,1779,690
C09-L,L,3,13.479649417706492,1.2994164602483602,0.4514915192756735,0.8670325031658929,127,766,9.363551892524466,1.524299212548629,0.4973318068779228,0.8430899215449609,619,690
C09-M,M,3,13.491418955806274,1.3027395502549084,0.3944667479476035,0.8188929001203369,123,766,9.693366648224634,1.5318901880150275,0.4233596405355612,0.8150932050511124,509,690
C09-S,S,3,37.83854724631778,3.923681786158637,0.0828527621241063,0.7503820164994859,10,766,5.3062844292839735,1.662738407889583,0.5018670325596377,0.7940894220283534,1378,690
C12-L,L,3,14.767505901510503,1.4845273963082208,0.375136497892254,0.8030040439052571,119,766,9.13009629787066,1.4998612249742336,0.5026586698691,0.8396586213756365,608,690
C12-M,M,3,15.5241161798381,1.5647121694897526,0.2212063627327127,0.730869130869131,67,766,9.951901790408506,1.6271656516547968,0.303205082664464,0.7321906802356721,483,690
C12-S,S,3,38.37186285274123,2.358076573508104,0.049495239827625,0.6595083936366567,11,766,5.935950544465699,1.652929996253074,0.4576835181200416,0.7785714285714287,1485,690
C14-L,L,3,16.331276175701543,1.7440281655609449,0.19787295144661,0.7206397519094929,71,766,9.23726465519751,1.5364951346360831,0.4305966451909342,0.8186318602696732,624,690
C14-M,M,3,16.453129300019917,1.802414220934741,0.1644079880296716,0.7150487358643255,54,766,10.90612115496102,1.6725385968765836,0.2897589592592365,0.7277938031451696,422,690
C14-S,S,3,39.714198490483625,3.958694645806774,0.0794996522546714,0.7625969977296602,9,766,4.988693427963836,1.6133860036156369,0.5196290256510749,0.8045267489711934,1831,690
C15-L,L,3,13.947236425312235,1.4308473595981726,0.3462190741175527,0.8061929776057506,105,766,9.353287294078466,1.5090536932102032,0.4961627174546384,0.8468306163002456,612,690
C15-M,M,3,15.468808075424429,1.639378721391094,0.2336386244669331,0.7341104024631625,95,766,10.591611433566612,1.62173796487802,0.3385617245048992,0.7687796671273208,398,690
C15-S,S,3,39.92465699576272,3.383721997680027,0.0736360768582396,0.6581506706718615,9,766,5.734673045773384,1.6753610615586645,0.472002185203632,0.7827260458839406,1369,690
C16-L,L,3,14.590176951476623,1.568923229526182,0.3601255686815678,0.7973886686873397,105,766,9.578062793448122,1.525043686205046,0.4881748068928074,0.8466531187790312,586,690
C16-M,M,3,17.270316181191884,1.7890448455341843,0.1936632235179244,0.7136571629707849,83,766,10.594608070528247,1.5903641044796082,0.3211107825689752,0.7585393401596097,444,690
C16-S,S,3,38.86066669958264,3.979372206909408,0.0787611046933143,0.7352727749494317,10,766,5.983886320495039,1.654448534424421,0.4391242795687695,0.7764471057884231,1142,690
C17-L,L,3,15.499557947715086,1.67386109230951,0.2948082829912206,0.7750962991619024,112,766,10.3766389598595,1.536657100413166,0.4691613586529663,0.8361581920903954,545,690
C17-M,M,3,19.822299044567018,1.7202121732799598,0.1538785544757256,0.7018649193548387,77,766,11.50802865024058,1.5202666704457193,0.2916926338886036,0.7444551591128253,405,690
C17-S,S,3,38.95886743982645,3.976122392985475,0.085058073217193,0.7572147206777866,9,766,6.041948900842248,1.6804976154086972,0.4498142646216003,0.7740998838559815,1302,690
C18-L,L,3,16.934341211943156,1.6910981994500318,0.211887865723918,0.713314704789975,98,766,10.663298712065515,1.557877633899904,0.4205769671186449,0.8136409736308317,499,690
C18-M,M,3,19.101364012182323,1.7175082584142292,0.1453298728824546,0.6891143911439115,75,766,11.086532875240804,1.6294137194233391,0.3191550815704909,0.7495931254045629,440,690
C18-S,S,3,38.73578824647733,3.748295805379585,0.0830878089924821,0.7383548377018964,9,766,6.613835567728841,1.672893356962911,0.3991391043424143,0.7504363001745201,1159,690
C19-L,L,3,21.244574613439536,1.9684361496877767,0.1415557494825469,0.682354593987075,67,766,11.422198295884725,1.566453750783208,0.3686783022889855,0.7934952978056427,437,690
C19-M,M,3,20.267160558734552,1.7327752842583846,0.1379547809848897,0.6930437270082765,56,766,12.131108811436938,1.6148169978782323,0.2931686622944824,0.7387923147301007,363,690
C19-S,S,3,38.39915289561157,3.7658141761792936,0.0645109011221723,0.7151063055569995,9,766,6.789098234771531,1.7529925191364344,0.3980625734769578,0.7448680351906158,1039,690
C21-L,L,3,20.426110485079136,1.8051100813127652,0.1398771829143256,0.6767341620996068,60,766,11.480410219130777,1.5773615770397524,0.3230558232207291,0.7628304699144897,400,690
C21-M,M,3,33.91461759659803,1.982435056861551,0.0524606718777326,0.61362062997577,23,766,10.519436489723423,1.668464718339173,0.2566555338012988,0.712363869314542,455,690
C21-S,S,3,39.21792745501344,3.369908899121981,0.0838251777898227,0.6926770708283314,11,766,7.041566730943534,1.7132016227274425,0.3874160349537313,0.7491926803013993,1015,690
C24-L,L,3,16.261654703259985,1.7905849109523793,0.2040671958210435,0.7412127098248065,92,766,10.631994245216962,1.5338444985056647,0.4287848168353556,0.8173821223226265,514,690
C24-M,M,3,18.721759608089634,1.956670887598896,0.1485698294462767,0.6644250092095195,70,766,10.868224869945932,1.5813980679421211,0.32837707618709,0.7519140107759513,442,690
C24-S,S,3,39.8848826757854,4.141935759872063,0.0998179025045689,0.8036382132064745,9,766,5.957302953501169,1.6923792371673263,0.4310865717782083,0.76375,1309,690
C25-L,L,3,17.539281742462272,1.7490595928667678,0.2300155970319345,0.74137280284829,114,766,10.88136054322178,1.550032622029835,0.4328770458126553,0.8249097472924188,489,690
C25-M,M,3,15.601623865323289,1.6223463023528126,0.2353585820489156,0.7362410866918743,90,766,10.261273860710286,1.5699916438109671,0.3584577341188018,0.7699244139691419,496,690
C25-S,S,3,38.38487572049088,3.910889452048581,0.08928499089283329,0.7704014974414239,10,766,6.807775294090504,1.666371424847762,0.38812358084540294,0.7505720823798627,1051,690
C26-L,L,3,19.839906775215276,1.6861415688895862,0.1396858277045051,0.6718503937007874,47,766,10.959843391325391,1.583595307572504,0.355413584181643,0.7802056555269924,469,690
C26-M,M,3,22.91376934967677,1.9061920936822536,0.12468249181926734,0.6578377821292384,45,766,11.694079946009307,1.581478019356057,0.31150665637801866,0.7599823278264758,398,690
C26-S,S,3,38.24199378534317,3.909036652537024,0.07822808579432078,0.704963793960619,10,766,6.8472756702784805,1.6923622636852371,0.37713557724301827,0.748528507928908,1002,690
C27-L,L,3,15.461233850049165,1.4611830250582605,0.30243461055411247,0.7795838262365595,108,766,10.70341065164719,1.5302322137812023,0.441730933670349,0.8266972040336527,498,690
C27-M,M,3,17.21324232950004,1.5807223608998977,0.18271940521583493,0.7469834556536882,81,766,11.005951232597512,1.6180704511967408,0.3273588329918735,0.7503729401065053,440,690
C27-S,S,3,37.811854275211026,3.770639361703738,0.09642884610365862,0.7657132103876552,11,766,6.916481116827303,1.7210738537615915,0.3669696880348591,0.736530279746151,930,690
