sample_id,filename,mag_raw,mag_bucket,pixel_um,pixel_source,mag_read_error,pixel_read_error
C01-L,C01-L-01.tif,10000.0,10000x,0.01116,meta:ap_image_pixel_size(11.16nm),,
C01-L,C01-L-02.tif,5000.0,5000x,0.02233,meta:ap_image_pixel_size(22.33nm),,
C01-L,C01-L-03.tif,2000.0,2000x,0.05582,meta:ap_image_pixel_size(55.82nm),,
C01-L,C01-L-04.tif,500.0,500x,0.22330000000000003,meta:ap_image_pixel_size(223.3nm),,
C01-L,C01-L-05.tif,10000.0,10000x,0.01116,meta:ap_image_pixel_size(11.16nm),,
C01-L,C01-L-06.tif,5000.0,5000x,0.02233,meta:ap_image_pixel_size(22.33nm),,
C01-L,C01-L-07.tif,2000.0,2000x,0.05582,meta:ap_image_pixel_size(55.82nm),,
C01-L,C01-L-08.tif,500.0,500x,0.22330000000000003,meta:ap_image_pixel_size(223.3nm),,
C01-L,C01-L-09.tif,10000.0,10000x,0.01116,meta:ap_image_pixel_size(11.16nm),,
C01-L,C01-L-10.tif,5000.0,5000x,0.02233,meta:ap_image_pixel_size(22.33nm),,
C01-L,C01-L-11.tif,2000.0,2000x,0.05582,meta:ap_image_pixel_size(55.82nm),,
C01-L,C01-L-12.tif,500.0,500x,0.22330000000000003,meta:ap_image_pixel_size(223.3nm),,
C01-M,C01-M-01.tif,10000.0,10000x,0.01116,meta:ap_image_pixel_size(11.16nm),,
C01-M,C01-M-02.tif,5000.0,5000x,0.02233,meta:ap_image_pixel_size(22.33nm),,
C01-M,C01-M-03.tif,2000.0,2000x,0.05582,meta:ap_image_pixel_size(55.82nm),,
C01-M,C01-M-04.tif,500.0,500x,0.22330000000000003,meta:ap_image_pixel_size(223.3nm),,
C01-M,C01-M-05.tif,10000.0,10000x,0.01116,meta:ap_image_pixel_size(11.16nm),,
C01-M,C01-M-06.tif,5000.0,5000x,0.02233,meta:ap_image_pixel_size(22.33nm),,
C01-M,C01-M-07.tif,2000.0,2000x,0.05582,meta:ap_image_pixel_size(55.82nm),,
C01-M,C01-M-08.tif,500.0,500x,0.22330000000000003,meta:ap_image_pixel_size(223.3nm),,
C01-M,C01-M-09.tif,10000.0,10000x,0.01116,meta:ap_image_pixel_size(11.16nm),,
C01-M,C01-M-10.tif,5000.0,5000x,0.02233,meta:ap_image_pixel_size(22.33nm),,
C01-M,C01-M-11.tif,2000.0,2000x,0.05582,meta:ap_image_pixel_size(55.82nm),,
C01-M,C01-M-12.tif,500.0,500x,0.22330000000000003,meta:ap_image_pixel_size(223.3nm),,
C01-S,C01-S-01.tif,10000.0,10000x,0.01116,meta:ap_image_pixel_size(11.16nm),,
C01-S,C01-S-02.tif,5000.0,5000x,0.02233,meta:ap_image_pixel_size(22.33nm),,
C01-S,C01-S-03.tif,2000.0,2000x,0.05582,meta:ap_image_pixel_size(55.82nm),,
C01-S,C01-S-04.tif,500.0,500x,0.22330000000000003,meta:ap_image_pixel_size(223.3nm),,
C01-S,C01-S-05.tif,10000.0,10000x,0.01116,meta:ap_image_pixel_size(11.16nm),,
C01-S,C01-S-06.tif,5000.0,5000x,0.02233,meta:ap_image_pixel_size(22.33nm),,
C01-S,C01-S-07.tif,2000.0,2000x,0.05582,meta:ap_image_pixel_size(55.82nm),,
C01-S,C01-S-08.tif,500.0,500x,0.22330000000000003,meta:ap_image_pixel_size(223.3nm),,
C01-S,C01-S-09.tif,10000.0,10000x,0.01116,meta:ap_image_pixel_size(11.16nm),,
C01-S,C01-S-10.tif,5000.0,5000x,0.02233,meta:ap_image_pixel_size(22.33nm),,
C01-S,C01-S-11.tif,2000.0,2000x,0.05582,meta:ap_image_pixel_size(55.82nm),,
C01-S,C01-S-12.tif,500.0,500x,0.22330000000000003,meta:ap_image_pixel_size(223.3nm),,
C02-L,C02-L-01.tif,10000.0,10000x,0.01116,meta:ap_image_pixel_size(11.16nm),,
C02-L,C02-L-02.tif,5000.0,5000x,0.02233,meta:ap_image_pixel_size(22.33nm),,
C02-L,C02-L-03.tif,2000.0,2000x,0.05582,meta:ap_image_pixel_size(55.82nm),,
C02-L,C02-L-04.tif,500.0,500x,0.22330000000000003,meta:ap_image_pixel_size(223.3nm),,
C02-L,C02-L-05.tif,10000.0,10000x,0.01116,meta:ap_image_pixel_size(11.16nm),,
C02-L,C02-L-06.tif,5000.0,5000x,0.02233,meta:ap_image_pixel_size(22.33nm),,
C02-L,C02-L-07.tif,2000.0,2000x,0.05582,meta:ap_image_pixel_size(55.82nm),,
C02-L,C02-L-08.tif,500.0,500x,0.22330000000000003,meta:ap_image_pixel_size(223.3nm),,
C02-L,C02-L-09.tif,10000.0,10000x,0.01116,meta:ap_image_pixel_size(11.16nm),,
C02-L,C02-L-10.tif,5000.0,5000x,0.02233,meta:ap_image_pixel_size(22.33nm),,
C02-L,C02-L-11.tif,2000.0,2000x,0.05582,meta:ap_image_pixel_size(55.82nm),,
C02-L,C02-L-12.tif,500.0,500x,0.22330000000000003,meta:ap_image_pixel_size(223.3nm),,
C02-M,C02-M-01.tif,10000.0,10000x,0.01116,meta:ap_image_pixel_size(11.16nm),,
C02-M,C02-M-02.tif,5000.0,5000x,0.02233,meta:ap_image_pixel_size(22.33nm),,
C02-M,C02-M-03.tif,2000.0,2000x,0.05582,meta:ap_image_pixel_size(55.82nm),,
C02-M,C02-M-04.tif,500.0,500x,0.22330000000000003,meta:ap_image_pixel_size(223.3nm),,
C02-M,C02-M-05.tif,10000.0,10000x,0.01116,meta:ap_image_pixel_size(11.16nm),,
C02-M,C02-M-06.tif,5000.0,5000x,0.02233,meta:ap_image_pixel_size(22.33nm),,
C02-M,C02-M-07.tif,2000.0,2000x,0.05582,meta:ap_image_pixel_size(55.82nm),,
C02-M,C02-M-08.tif,500.0,500x,0.22330000000000003,meta:ap_image_pixel_size(223.3nm),,
C02-M,C02-M-09.tif,10000.0,10000x,0.01116,meta:ap_image_pixel_size(11.16nm),,
C02-M,C02-M-10.tif,5000.0,5000x,0.02233,meta:ap_image_pixel_size(22.33nm),,
C02-M,C02-M-11.tif,2000.0,2000x,0.05582,meta:ap_image_pixel_size(55.82nm),,
C02-M,C02-M-12.tif,500.0,500x,0.22330000000000003,meta:ap_image_pixel_size(223.3nm),,
C02-S,C02-S-01.tif,10000.0,10000x,0.01116,meta:ap_image_pixel_size(11.16nm),,
C02-S,C02-S-02.tif,5000.0,5000x,0.02233,meta:ap_image_pixel_size(22.33nm),,
C02-S,C02-S-03.tif,2000.0,2000x,0.05582,meta:ap_image_pixel_size(55.82nm),,
C02-S,C02-S-04.tif,500.0,500x,0.22330000000000003,meta:ap_image_pixel_size(223.3nm),,
C02-S,C02-S-05.tif,10000.0,10000x,0.01116,meta:ap_image_pixel_size(11.16nm),,
C02-S,C02-S-06.tif,5000.0,5000x,0.02233,meta:ap_image_pixel_size(22.33nm),,
C02-S,C02-S-07.tif,2000.0,2000x,0.05582,meta:ap_image_pixel_size(55.82nm),,
C02-S,C02-S-08.tif,500.0,500x,0.22330000000000003,meta:ap_image_pixel_size(223.3nm),,
C02-S,C02-S-09.tif,10000.0,10000x,0.01116,meta:ap_image_pixel_size(11.16nm),,
C02-S,C02-S-10.tif,5000.0,5000x,0.02233,meta:ap_image_pixel_size(22.33nm),,
C02-S,C02-S-11.tif,2000.0,2000x,0.05582,meta:ap_image_pixel_size(55.82nm),,
C02-S,C02-S-12.tif,500.0,500x,0.22330000000000003,meta:ap_image_pixel_size(223.3nm),,
C03-L,C03-L-001.tif,10000.0,10000x,0.01116,meta:ap_image_pixel_size(11.16nm),,
C03-L,C03-L-002.tif,5000.0,5000x,0.02233,meta:ap_image_pixel_size(22.33nm),,
C03-L,C03-L-003.tif,2000.0,2000x,0.05582,meta:ap_image_pixel_size(55.82nm),,
C03-L,C03-L-004.tif,500.0,500x,0.22330000000000003,meta:ap_image_pixel_size(223.3nm),,
C03-L,C03-L-005.tif,10000.0,10000x,0.01116,meta:ap_image_pixel_size(11.16nm),,
C03-L,C03-L-006.tif,5000.0,5000x,0.02233,meta:ap_image_pixel_size(22.33nm),,
C03-L,C03-L-007.tif,2000.0,2000x,0.05582,meta:ap_image_pixel_size(55.82nm),,
C03-L,C03-L-008.tif,500.0,500x,0.22330000000000003,meta:ap_image_pixel_size(223.3nm),,
C03-L,C03-L-009.tif,10000.0,10000x,0.01116,meta:ap_image_pixel_size(11.16nm),,
C03-L,C03-L-010.tif,5000.0,5000x,0.02233,meta:ap_image_pixel_size(22.33nm),,
C03-L,C03-L-011.tif,2000.0,2000x,0.05582,meta:ap_image_pixel_size(55.82nm),,
C03-L,C03-L-012.tif,500.0,500x,0.22330000000000003,meta:ap_image_pixel_size(223.3nm),,
C03-M,C03-M-001.tif,10000.0,10000x,0.01116,meta:ap_image_pixel_size(11.16nm),,
C03-M,C03-M-002.tif,5000.0,5000x,0.02233,meta:ap_image_pixel_size(22.33nm),,
C03-M,C03-M-003.tif,2000.0,2000x,0.05582,meta:ap_image_pixel_size(55.82nm),,
C03-M,C03-M-004.tif,500.0,500x,0.22330000000000003,meta:ap_image_pixel_size(223.3nm),,
C03-M,C03-M-005.tif,10000.0,10000x,0.01116,meta:ap_image_pixel_size(11.16nm),,
C03-M,C03-M-006.tif,5000.0,5000x,0.02233,meta:ap_image_pixel_size(22.33nm),,
C03-M,C03-M-007.tif,2000.0,2000x,0.05582,meta:ap_image_pixel_size(55.82nm),,
C03-M,C03-M-008.tif,500.0,500x,0.22330000000000003,meta:ap_image_pixel_size(223.3nm),,
C03-M,C03-M-009.tif,10000.0,10000x,0.01116,meta:ap_image_pixel_size(11.16nm),,
C03-M,C03-M-010.tif,5000.0,5000x,0.02233,meta:ap_image_pixel_size(22.33nm),,
C03-M,C03-M-011.tif,2000.0,2000x,0.05582,meta:ap_image_pixel_size(55.82nm),,
C03-M,C03-M-012.tif,500.0,500x,0.22330000000000003,meta:ap_image_pixel_size(223.3nm),,
C03-S,C03-S-001.tif,10000.0,10000x,0.01116,meta:ap_image_pixel_size(11.16nm),,
C03-S,C03-S-002.tif,5000.0,5000x,0.02233,meta:ap_image_pixel_size(22.33nm),,
C03-S,C03-S-003.tif,2000.0,2000x,0.05582,meta:ap_image_pixel_size(55.82nm),,
C03-S,C03-S-004.tif,500.0,500x,0.22330000000000003,meta:ap_image_pixel_size(223.3nm),,
C03-S,C03-S-005.tif,10000.0,10000x,0.01116,meta:ap_image_pixel_size(11.16nm),,
C03-S,C03-S-006.tif,5000.0,5000x,0.02233,meta:ap_image_pixel_size(22.33nm),,
C03-S,C03-S-007.tif,2000.0,2000x,0.05582,meta:ap_image_pixel_size(55.82nm),,
C03-S,C03-S-008.tif,500.0,500x,0.22330000000000003,meta:ap_image_pixel_size(223.3nm),,
C03-S,C03-S-009.tif,10000.0,10000x,0.01116,meta:ap_image_pixel_size(11.16nm),,
C03-S,C03-S-010.tif,5000.0,5000x,0.02233,meta:ap_image_pixel_size(22.33nm),,
C03-S,C03-S-011.tif,2000.0,2000x,0.05582,meta:ap_image_pixel_size(55.82nm),,
C03-S,C03-S-012.tif,500.0,500x,0.22330000000000003,meta:ap_image_pixel_size(223.3nm),,
C04-L,C04-L-01.tif,10000.0,10000x,0.01116,meta:ap_image_pixel_size(11.16nm),,
C04-L,C04-L-02.tif,5000.0,5000x,0.02233,meta:ap_image_pixel_size(22.33nm),,
C04-L,C04-L-03.tif,2000.0,2000x,0.05582,meta:ap_image_pixel_size(55.82nm),,
C04-L,C04-L-04.tif,500.0,500x,0.22330000000000003,meta:ap_image_pixel_size(223.3nm),,
C04-L,C04-L-05.tif,10000.0,10000x,0.01116,meta:ap_image_pixel_size(11.16nm),,
C04-L,C04-L-06.tif,5000.0,5000x,0.02233,meta:ap_image_pixel_size(22.33nm),,
C04-L,C04-L-07.tif,2000.0,2000x,0.05582,meta:ap_image_pixel_size(55.82nm),,
C04-L,C04-L-08.tif,500.0,500x,0.22330000000000003,meta:ap_image_pixel_size(223.3nm),,
C04-L,C04-L-09.tif,10000.0,10000x,0.01116,meta:ap_image_pixel_size(11.16nm),,
C04-L,C04-L-10.tif,5000.0,5000x,0.02233,meta:ap_image_pixel_size(22.33nm),,
C04-L,C04-L-11.tif,2000.0,2000x,0.05582,meta:ap_image_pixel_size(55.82nm),,
C04-L,C04-L-12.tif,500.0,500x,0.22330000000000003,meta:ap_image_pixel_size(223.3nm),,
C04-M,C04-M-01.tif,10000.0,10000x,0.01116,meta:ap_image_pixel_size(11.16nm),,
C04-M,C04-M-02.tif,5000.0,5000x,0.02233,meta:ap_image_pixel_size(22.33nm),,
C04-M,C04-M-03.tif,2000.0,2000x,0.05582,meta:ap_image_pixel_size(55.82nm),,
C04-M,C04-M-04.tif,500.0,500x,0.22330000000000003,meta:ap_image_pixel_size(223.3nm),,
C04-M,C04-M-05.tif,10000.0,10000x,0.01116,meta:ap_image_pixel_size(11.16nm),,
C04-M,C04-M-06.tif,5000.0,5000x,0.02233,meta:ap_image_pixel_size(22.33nm),,
C04-M,C04-M-07.tif,2000.0,2000x,0.05582,meta:ap_image_pixel_size(55.82nm),,
C04-M,C04-M-08.tif,500.0,500x,0.22330000000000003,meta:ap_image_pixel_size(223.3nm),,
C04-M,C04-M-09.tif,10000.0,10000x,0.01116,meta:ap_image_pixel_size(11.16nm),,
C04-M,C04-M-10.tif,5000.0,5000x,0.02233,meta:ap_image_pixel_size(22.33nm),,
C04-M,C04-M-11.tif,2000.0,2000x,0.05582,meta:ap_image_pixel_size(55.82nm),,
C04-M,C04-M-12.tif,500.0,500x,0.22330000000000003,meta:ap_image_pixel_size(223.3nm),,
C04-S,C04-S-01.tif,10000.0,10000x,0.01116,meta:ap_image_pixel_size(11.16nm),,
C04-S,C04-S-02.tif,5000.0,5000x,0.02233,meta:ap_image_pixel_size(22.33nm),,
C04-S,C04-S-03.tif,2000.0,2000x,0.05582,meta:ap_image_pixel_size(55.82nm),,
C04-S,C04-S-04.tif,500.0,500x,0.22330000000000003,meta:ap_image_pixel_size(223.3nm),,
C04-S,C04-S-05.tif,10000.0,10000x,0.01116,meta:ap_image_pixel_size(11.16nm),,
C04-S,C04-S-06.tif,5000.0,5000x,0.02233,meta:ap_image_pixel_size(22.33nm),,
C04-S,C04-S-07.tif,2000.0,2000x,0.05582,meta:ap_image_pixel_size(55.82nm),,
C04-S,C04-S-08.tif,500.0,500x,0.22330000000000003,meta:ap_image_pixel_size(223.3nm),,
C04-S,C04-S-09.tif,10000.0,10000x,0.01116,meta:ap_image_pixel_size(11.16nm),,
C04-S,C04-S-10.tif,5000.0,5000x,0.02233,meta:ap_image_pixel_size(22.33nm),,
C04-S,C04-S-11.tif,2000.0,2000x,0.05582,meta:ap_image_pixel_size(55.82nm),,
C04-S,C04-S-12.tif,500.0,500x,0.22330000000000003,meta:ap_image_pixel_size(223.3nm),,
C05-L,C05-L-01.tif,10000.0,10000x,0.01116,meta:ap_image_pixel_size(11.16nm),,
C05-L,C05-L-02.tif,5000.0,5000x,0.02233,meta:ap_image_pixel_size(22.33nm),,
C05-L,C05-L-03.tif,2000.0,2000x,0.05582,meta:ap_image_pixel_size(55.82nm),,
C05-L,C05-L-04.tif,500.0,500x,0.22330000000000003,meta:ap_image_pixel_size(223.3nm),,
C05-L,C05-L-05.tif,10000.0,10000x,0.01116,meta:ap_image_pixel_size(11.16nm),,
C05-L,C05-L-06.tif,5000.0,5000x,0.02233,meta:ap_image_pixel_size(22.33nm),,
C05-L,C05-L-07.tif,2000.0,2000x,0.05582,meta:ap_image_pixel_size(55.82nm),,
C05-L,C05-L-08.tif,500.0,500x,0.22330000000000003,meta:ap_image_pixel_size(223.3nm),,
C05-L,C05-L-09.tif,10000.0,10000x,0.01116,meta:ap_image_pixel_size(11.16nm),,
C05-L,C05-L-10.tif,5000.0,5000x,0.02233,meta:ap_image_pixel_size(22.33nm),,
C05-L,C05-L-11.tif,2000.0,2000x,0.05582,meta:ap_image_pixel_size(55.82nm),,
C05-L,C05-L-12.tif,500.0,500x,0.22330000000000003,meta:ap_image_pixel_size(223.3nm),,
C05-M,C05-M-01.tif,10000.0,10000x,0.01116,meta:ap_image_pixel_size(11.16nm),,
C05-M,C05-M-02.tif,5000.0,5000x,0.02233,meta:ap_image_pixel_size(22.33nm),,
C05-M,C05-M-03.tif,2000.0,2000x,0.05582,meta:ap_image_pixel_size(55.82nm),,
C05-M,C05-M-04.tif,500.0,500x,0.22330000000000003,meta:ap_image_pixel_size(223.3nm),,
C05-M,C05-M-05.tif,10000.0,10000x,0.01116,meta:ap_image_pixel_size(11.16nm),,
C05-M,C05-M-06.tif,5000.0,5000x,0.02233,meta:ap_image_pixel_size(22.33nm),,
C05-M,C05-M-07.tif,2000.0,2000x,0.05582,meta:ap_image_pixel_size(55.82nm),,
C05-M,C05-M-08.tif,500.0,500x,0.22330000000000003,meta:ap_image_pixel_size(223.3nm),,
C05-M,C05-M-09.tif,10000.0,10000x,0.01116,meta:ap_image_pixel_size(11.16nm),,
C05-M,C05-M-10.tif,5000.0,5000x,0.02233,meta:ap_image_pixel_size(22.33nm),,
C05-M,C05-M-11.tif,2000.0,2000x,0.05582,meta:ap_image_pixel_size(55.82nm),,
C05-M,C05-M-12.tif,500.0,500x,0.22330000000000003,meta:ap_image_pixel_size(223.3nm),,
C05-S,C05-S-01.tif,10000.0,10000x,0.01116,meta:ap_image_pixel_size(11.16nm),,
C05-S,C05-S-02.tif,5000.0,5000x,0.02233,meta:ap_image_pixel_size(22.33nm),,
C05-S,C05-S-03.tif,2000.0,2000x,0.05582,meta:ap_image_pixel_size(55.82nm),,
C05-S,C05-S-04.tif,500.0,500x,0.22330000000000003,meta:ap_image_pixel_size(223.3nm),,
C05-S,C05-S-05.tif,10000.0,10000x,0.01116,meta:ap_image_pixel_size(11.16nm),,
C05-S,C05-S-06.tif,5000.0,5000x,0.02233,meta:ap_image_pixel_size(22.33nm),,
C05-S,C05-S-07.tif,2000.0,2000x,0.05582,meta:ap_image_pixel_size(55.82nm),,
C05-S,C05-S-08.tif,500.0,500x,0.22330000000000003,meta:ap_image_pixel_size(223.3nm),,
C05-S,C05-S-09.tif,10000.0,10000x,0.01116,meta:ap_image_pixel_size(11.16nm),,
C05-S,C05-S-10.tif,5000.0,5000x,0.02233,meta:ap_image_pixel_size(22.33nm),,
C05-S,C05-S-11.tif,2000.0,2000x,0.05582,meta:ap_image_pixel_size(55.82nm),,
C05-S,C05-S-12.tif,500.0,500x,0.22330000000000003,meta:ap_image_pixel_size(223.3nm),,
C06-L,C06-L-01.tif,10000.0,10000x,0.01116,meta:ap_image_pixel_size(11.16nm),,
C06-L,C06-L-02.tif,5000.0,5000x,0.02233,meta:ap_image_pixel_size(22.33nm),,
C06-L,C06-L-03.tif,2000.0,2000x,0.05582,meta:ap_image_pixel_size(55.82nm),,
C06-L,C06-L-04.tif,500.0,500x,0.22330000000000003,meta:ap_image_pixel_size(223.3nm),,
C06-L,C06-L-05.tif,10000.0,10000x,0.01116,meta:ap_image_pixel_size(11.16nm),,
C06-L,C06-L-06.tif,5000.0,5000x,0.02233,meta:ap_image_pixel_size(22.33nm),,
C06-L,C06-L-07.tif,2000.0,2000x,0.05582,meta:ap_image_pixel_size(55.82nm),,
C06-L,C06-L-08.tif,500.0,500x,0.22330000000000003,meta:ap_image_pixel_size(223.3nm),,
C06-L,C06-L-09.tif,10000.0,10000x,0.01116,meta:ap_image_pixel_size(11.16nm),,
C06-L,C06-L-10.tif,5000.0,5000x,0.02233,meta:ap_image_pixel_size(22.33nm),,
C06-L,C06-L-11.tif,2000.0,2000x,0.05582,meta:ap_image_pixel_size(55.82nm),,
C06-L,C06-L-12.tif,500.0,500x,0.22330000000000003,meta:ap_image_pixel_size(223.3nm),,
C06-M,C06-M-01.tif,10000.0,10000x,0.01116,meta:ap_image_pixel_size(11.16nm),,
C06-M,C06-M-02.tif,5000.0,5000x,0.02233,meta:ap_image_pixel_size(22.33nm),,
C06-M,C06-M-03.tif,2000.0,2000x,0.05582,meta:ap_image_pixel_size(55.82nm),,
C06-M,C06-M-04.tif,500.0,500x,0.22330000000000003,meta:ap_image_pixel_size(223.3nm),,
C06-M,C06-M-05.tif,10000.0,10000x,0.01116,meta:ap_image_pixel_size(11.16nm),,
C06-M,C06-M-06.tif,5000.0,5000x,0.02233,meta:ap_image_pixel_size(22.33nm),,
C06-M,C06-M-07.tif,2000.0,2000x,0.05582,meta:ap_image_pixel_size(55.82nm),,
C06-M,C06-M-08.tif,500.0,500x,0.22330000000000003,meta:ap_image_pixel_size(223.3nm),,
C06-M,C06-M-09.tif,10000.0,10000x,0.01116,meta:ap_image_pixel_size(11.16nm),,
C06-M,C06-M-10.tif,5000.0,5000x,0.02233,meta:ap_image_pixel_size(22.33nm),,
C06-M,C06-M-11.tif,2000.0,2000x,0.05582,meta:ap_image_pixel_size(55.82nm),,
C06-M,C06-M-12.tif,500.0,500x,0.22330000000000003,meta:ap_image_pixel_size(223.3nm),,
C06-S,C06-S-01.tif,10000.0,10000x,0.01116,meta:ap_image_pixel_size(11.16nm),,
C06-S,C06-S-02.tif,5000.0,5000x,0.02233,meta:ap_image_pixel_size(22.33nm),,
C06-S,C06-S-03.tif,2000.0,2000x,0.05582,meta:ap_image_pixel_size(55.82nm),,
C06-S,C06-S-04.tif,500.0,500x,0.22330000000000003,meta:ap_image_pixel_size(223.3nm),,
C06-S,C06-S-05.tif,10000.0,10000x,0.01116,meta:ap_image_pixel_size(11.16nm),,
C06-S,C06-S-06.tif,5000.0,5000x,0.02233,meta:ap_image_pixel_size(22.33nm),,
C06-S,C06-S-07.tif,2000.0,2000x,0.05582,meta:ap_image_pixel_size(55.82nm),,
C06-S,C06-S-08.tif,500.0,500x,0.22330000000000003,meta:ap_image_pixel_size(223.3nm),,
C06-S,C06-S-09.tif,10000.0,10000x,0.01116,meta:ap_image_pixel_size(11.16nm),,
C06-S,C06-S-10.tif,5000.0,5000x,0.02233,meta:ap_image_pixel_size(22.33nm),,
C06-S,C06-S-11.tif,2000.0,2000x,0.05582,meta:ap_image_pixel_size(55.82nm),,
C06-S,C06-S-12.tif,500.0,500x,0.22330000000000003,meta:ap_image_pixel_size(223.3nm),,
C07-L,C07-L_10000x_01.tif,10000.0,10000x,0.01116,meta:ap_image_pixel_size(11.16nm),,
C07-L,C07-L_10000x_02.tif,10000.0,10000x,0.01116,meta:ap_image_pixel_size(11.16nm),,
C07-L,C07-L_10000x_03.tif,10000.0,10000x,0.01116,meta:ap_image_pixel_size(11.16nm),,
C07-L,C07-L_2000x_01.tif,2000.0,2000x,0.05582,meta:ap_image_pixel_size(55.82nm),,
C07-L,C07-L_2000x_02.tif,2000.0,2000x,0.05582,meta:ap_image_pixel_size(55.82nm),,
C07-L,C07-L_2000x_03.tif,2000.0,2000x,0.05582,meta:ap_image_pixel_size(55.82nm),,
C07-L,C07-L_5000x_01.tif,5000.0,5000x,0.02233,meta:ap_image_pixel_size(22.33nm),,
C07-L,C07-L_5000x_02.tif,5000.0,5000x,0.02233,meta:ap_image_pixel_size(22.33nm),,
C07-L,C07-L_5000x_03.tif,5000.0,5000x,0.02233,meta:ap_image_pixel_size(22.33nm),,
C07-L,C07-L_500x_01.tif,500.0,500x,0.22330000000000003,meta:ap_image_pixel_size(223.3nm),,
C07-L,C07-L_500x_02.tif,500.0,500x,0.22330000000000003,meta:ap_image_pixel_size(223.3nm),,
C07-L,C07-L_500x_03.tif,500.0,500x,0.22330000000000003,meta:ap_image_pixel_size(223.3nm),,
C07-M,LF10-3-01.tif,10000.0,10000x,0.01116,meta:ap_image_pixel_size(11.16nm),,
C07-M,LF10-3-02.tif,5000.0,5000x,0.02233,meta:ap_image_pixel_size(22.33nm),,
C07-M,LF10-3-03.tif,2000.0,2000x,0.05582,meta:ap_image_pixel_size(55.82nm),,
C07-M,LF10-3-04.tif,500.0,500x,0.22330000000000003,meta:ap_image_pixel_size(223.3nm),,
C07-M,LF10-3-05.tif,10000.0,10000x,0.01116,meta:ap_image_pixel_size(11.16nm),,
C07-M,LF10-3-06.tif,5000.0,5000x,0.02233,meta:ap_image_pixel_size(22.33nm),,
C07-M,LF10-3-07.tif,2000.0,2000x,0.05582,meta:ap_image_pixel_size(55.82nm),,
C07-M,LF10-3-08.tif,500.0,500x,0.22330000000000003,meta:ap_image_pixel_size(223.3nm),,
C07-M,LF10-3-09.tif,10000.0,10000x,0.01116,meta:ap_image_pixel_size(11.16nm),,
C07-M,LF10-3-10.tif,5000.0,5000x,0.02233,meta:ap_image_pixel_size(22.33nm),,
C07-M,LF10-3-11.tif,2000.0,2000x,0.05582,meta:ap_image_pixel_size(55.82nm),,
C07-M,LF10-3-12.tif,500.0,500x,0.22330000000000003,meta:ap_image_pixel_size(223.3nm),,
C07-S,LF10-2-01.tif,10000.0,10000x,0.01116,meta:ap_image_pixel_size(11.16nm),,
C07-S,LF10-2-02.tif,5000.0,5000x,0.02233,meta:ap_image_pixel_size(22.33nm),,
C07-S,LF10-2-03.tif,2000.0,2000x,0.05582,meta:ap_image_pixel_size(55.82nm),,
C07-S,LF10-2-04.tif,500.0,500x,0.22330000000000003,meta:ap_image_pixel_size(223.3nm),,
C07-S,LF10-2-05.tif,10000.0,10000x,0.01116,meta:ap_image_pixel_size(11.16nm),,
C07-S,LF10-2-06.tif,5000.0,5000x,0.02233,meta:ap_image_pixel_size(22.33nm),,
C07-S,LF10-2-07.tif,2000.0,2000x,0.05582,meta:ap_image_pixel_size(55.82nm),,
C07-S,LF10-2-08.tif,500.0,500x,0.22330000000000003,meta:ap_image_pixel_size(223.3nm),,
C07-S,LF10-2-09.tif,10000.0,10000x,0.01116,meta:ap_image_pixel_size(11.16nm),,
C07-S,LF10-2-10.tif,5000.0,5000x,0.02233,meta:ap_image_pixel_size(22.33nm),,
C07-S,LF10-2-11.tif,2000.0,2000x,0.05582,meta:ap_image_pixel_size(55.82nm),,
C07-S,LF10-2-12.tif,500.0,500x,0.22330000000000003,meta:ap_image_pixel_size(223.3nm),,
C08-L,C08-L-01.tif,10000.0,10000x,0.01116,meta:ap_image_pixel_size(11.16nm),,
C08-L,C08-L-02.tif,5000.0,5000x,0.02233,meta:ap_image_pixel_size(22.33nm),,
C08-L,C08-L-03.tif,2000.0,2000x,0.05582,meta:ap_image_pixel_size(55.82nm),,
C08-L,C08-L-04.tif,500.0,500x,0.22330000000000003,meta:ap_image_pixel_size(223.3nm),,
C08-L,C08-L-05.tif,10000.0,10000x,0.01116,meta:ap_image_pixel_size(11.16nm),,
C08-L,C08-L-06.tif,5000.0,5000x,0.02233,meta:ap_image_pixel_size(22.33nm),,
C08-L,C08-L-07.tif,2000.0,2000x,0.05582,meta:ap_image_pixel_size(55.82nm),,
C08-L,C08-L-08.tif,500.0,500x,0.22330000000000003,meta:ap_image_pixel_size(223.3nm),,
C08-L,C08-L-09.tif,10000.0,10000x,0.01116,meta:ap_image_pixel_size(11.16nm),,
C08-L,C08-L-10.tif,5000.0,5000x,0.02233,meta:ap_image_pixel_size(22.33nm),,
C08-L,C08-L-11.tif,2000.0,2000x,0.05582,meta:ap_image_pixel_size(55.82nm),,
C08-L,C08-L-12.tif,500.0,500x,0.22330000000000003,meta:ap_image_pixel_size(223.3nm),,
C08-M,C08-M-01.tif,10000.0,10000x,0.01116,meta:ap_image_pixel_size(11.16nm),,
C08-M,C08-M-02.tif,5000.0,5000x,0.02233,meta:ap_image_pixel_size(22.33nm),,
C08-M,C08-M-03.tif,2000.0,2000x,0.05582,meta:ap_image_pixel_size(55.82nm),,
C08-M,C08-M-04.tif,500.0,500x,0.22330000000000003,meta:ap_image_pixel_size(223.3nm),,
C08-M,C08-M-05.tif,10000.0,10000x,0.01116,meta:ap_image_pixel_size(11.16nm),,
C08-M,C08-M-06.tif,5000.0,5000x,0.02233,meta:ap_image_pixel_size(22.33nm),,
C08-M,C08-M-07.tif,2000.0,2000x,0.05582,meta:ap_image_pixel_size(55.82nm),,
C08-M,C08-M-08.tif,500.0,500x,0.22330000000000003,meta:ap_image_pixel_size(223.3nm),,
C08-M,C08-M-09.tif,10000.0,10000x,0.01116,meta:ap_image_pixel_size(11.16nm),,
C08-M,C08-M-10.tif,5000.0,5000x,0.02233,meta:ap_image_pixel_size(22.33nm),,
C08-M,C08-M-11.tif,2000.0,2000x,0.05582,meta:ap_image_pixel_size(55.82nm),,
C08-M,C08-M-12.tif,500.0,500x,0.22330000000000003,meta:ap_image_pixel_size(223.3nm),,
C08-S,C08-S-01.tif,10000.0,10000x,0.01116,meta:ap_image_pixel_size(11.16nm),,
C08-S,C08-S-02.tif,5000.0,5000x,0.02233,meta:ap_image_pixel_size(22.33nm),,
C08-S,C08-S-03.tif,2000.0,2000x,0.05582,meta:ap_image_pixel_size(55.82nm),,
C08-S,C08-S-04.tif,500.0,500x,0.22330000000000003,meta:ap_image_pixel_size(223.3nm),,
C08-S,C08-S-05.tif,10000.0,10000x,0.01116,meta:ap_image_pixel_size(11.16nm),,
C08-S,C08-S-06.tif,5000.0,5000x,0.02233,meta:ap_image_pixel_size(22.33nm),,
C08-S,C08-S-07.tif,2000.0,2000x,0.05582,meta:ap_image_pixel_size(55.82nm),,
C08-S,C08-S-08.tif,500.0,500x,0.22330000000000003,meta:ap_image_pixel_size(223.3nm),,
C08-S,C08-S-09.tif,10000.0,10000x,0.01116,meta:ap_image_pixel_size(11.16nm),,
C08-S,C08-S-10.tif,5000.0,5000x,0.02233,meta:ap_image_pixel_size(22.33nm),,
C08-S,C08-S-11.tif,2000.0,2000x,0.05582,meta:ap_image_pixel_size(55.82nm),,
C08-S,C08-S-12.tif,500.0,500x,0.22330000000000003,meta:ap_image_pixel_size(223.3nm),,
C09-L,C09-L-001.tif,10000.0,10000x,0.01116,meta:ap_image_pixel_size(11.16nm),,
C09-L,C09-L-002.tif,5000.0,5000x,0.02233,meta:ap_image_pixel_size(22.33nm),,
C09-L,C09-L-003.tif,2000.0,2000x,0.05582,meta:ap_image_pixel_size(55.82nm),,
C09-L,C09-L-004.tif,500.0,500x,0.22330000000000003,meta:ap_image_pixel_size(223.3nm),,
C09-L,C09-L-005.tif,10000.0,10000x,0.01116,meta:ap_image_pixel_size(11.16nm),,
C09-L,C09-L-006.tif,5000.0,5000x,0.02233,meta:ap_image_pixel_size(22.33nm),,
C09-L,C09-L-007.tif,2000.0,2000x,0.05582,meta:ap_image_pixel_size(55.82nm),,
C09-L,C09-L-008.tif,500.0,500x,0.22330000000000003,meta:ap_image_pixel_size(223.3nm),,
C09-L,C09-L-009.tif,10000.0,10000x,0.01116,meta:ap_image_pixel_size(11.16nm),,
C09-L,C09-L-010.tif,5000.0,5000x,0.02233,meta:ap_image_pixel_size(22.33nm),,
C09-L,C09-L-011.tif,2000.0,2000x,0.05582,meta:ap_image_pixel_size(55.82nm),,
C09-L,C09-L-012.tif,500.0,500x,0.22330000000000003,meta:ap_image_pixel_size(223.3nm),,
C09-M,C09-M-001.tif,10000.0,10000x,0.01116,meta:ap_image_pixel_size(11.16nm),,
C09-M,C09-M-002.tif,5000.0,5000x,0.02233,meta:ap_image_pixel_size(22.33nm),,
C09-M,C09-M-003.tif,2000.0,2000x,0.05582,meta:ap_image_pixel_size(55.82nm),,
C09-M,C09-M-004.tif,500.0,500x,0.22330000000000003,meta:ap_image_pixel_size(223.3nm),,
C09-M,C09-M-005.tif,10000.0,10000x,0.01116,meta:ap_image_pixel_size(11.16nm),,
C09-M,C09-M-006.tif,5000.0,5000x,0.02233,meta:ap_image_pixel_size(22.33nm),,
C09-M,C09-M-007.tif,2000.0,2000x,0.05582,meta:ap_image_pixel_size(55.82nm),,
C09-M,C09-M-008.tif,500.0,500x,0.22330000000000003,meta:ap_image_pixel_size(223.3nm),,
C09-M,C09-M-009.tif,10000.0,10000x,0.01116,meta:ap_image_pixel_size(11.16nm),,
C09-M,C09-M-010.tif,5000.0,5000x,0.02233,meta:ap_image_pixel_size(22.33nm),,
C09-M,C09-M-011.tif,2000.0,2000x,0.05582,meta:ap_image_pixel_size(55.82nm),,
C09-M,C09-M-012.tif,500.0,500x,0.22330000000000003,meta:ap_image_pixel_size(223.3nm),,
C09-S,C09-S-001.tif,10000.0,10000x,0.01116,meta:ap_image_pixel_size(11.16nm),,
C09-S,C09-S-002.tif,5000.0,5000x,0.02233,meta:ap_image_pixel_size(22.33nm),,
C09-S,C09-S-003.tif,2000.0,2000x,0.05582,meta:ap_image_pixel_size(55.82nm),,
C09-S,C09-S-004.tif,500.0,500x,0.22330000000000003,meta:ap_image_pixel_size(223.3nm),,
C09-S,C09-S-005.tif,10000.0,10000x,0.01116,meta:ap_image_pixel_size(11.16nm),,
C09-S,C09-S-006.tif,5000.0,5000x,0.02233,meta:ap_image_pixel_size(22.33nm),,
C09-S,C09-S-007.tif,2000.0,2000x,0.05582,meta:ap_image_pixel_size(55.82nm),,
C09-S,C09-S-008.tif,500.0,500x,0.22330000000000003,meta:ap_image_pixel_size(223.3nm),,
C09-S,C09-S-009.tif,10000.0,10000x,0.01116,meta:ap_image_pixel_size(11.16nm),,
C09-S,C09-S-010.tif,5000.0,5000x,0.02233,meta:ap_image_pixel_size(22.33nm),,
C09-S,C09-S-011.tif,2000.0,2000x,0.05582,meta:ap_image_pixel_size(55.82nm),,
C09-S,C09-S-012.tif,500.0,500x,0.22330000000000003,meta:ap_image_pixel_size(223.3nm),,
C10-L,C10-L-01.tif,10000.0,10000x,0.01116,meta:ap_image_pixel_size(11.16nm),,
C10-L,C10-L-02.tif,5000.0,5000x,0.02233,meta:ap_image_pixel_size(22.33nm),,
C10-L,C10-L-03.tif,2000.0,2000x,0.05582,meta:ap_image_pixel_size(55.82nm),,
C10-L,C10-L-04.tif,500.0,500x,0.22330000000000003,meta:ap_image_pixel_size(223.3nm),,
C10-L,C10-L-05.tif,10000.0,10000x,0.01116,meta:ap_image_pixel_size(11.16nm),,
C10-L,C10-L-06.tif,5000.0,5000x,0.02233,meta:ap_image_pixel_size(22.33nm),,
C10-L,C10-L-07.tif,2000.0,2000x,0.05582,meta:ap_image_pixel_size(55.82nm),,
C10-L,C10-L-08.tif,500.0,500x,0.22330000000000003,meta:ap_image_pixel_size(223.3nm),,
C10-L,C10-L-09.tif,10000.0,10000x,0.01116,meta:ap_image_pixel_size(11.16nm),,
C10-L,C10-L-10.tif,5000.0,5000x,0.02233,meta:ap_image_pixel_size(22.33nm),,
C10-L,C10-L-11.tif,2000.0,2000x,0.05582,meta:ap_image_pixel_size(55.82nm),,
C10-L,C10-L-12.tif,500.0,500x,0.22330000000000003,meta:ap_image_pixel_size(223.3nm),,
C10-M,C10-M-01.tif,10000.0,10000x,0.01116,meta:ap_image_pixel_size(11.16nm),,
C10-M,C10-M-02.tif,5000.0,5000x,0.02233,meta:ap_image_pixel_size(22.33nm),,
C10-M,C10-M-03.tif,2000.0,2000x,0.05582,meta:ap_image_pixel_size(55.82nm),,
C10-M,C10-M-04.tif,500.0,500x,0.22330000000000003,meta:ap_image_pixel_size(223.3nm),,
C10-M,C10-M-05.tif,10000.0,10000x,0.01116,meta:ap_image_pixel_size(11.16nm),,
C10-M,C10-M-06.tif,5000.0,5000x,0.02233,meta:ap_image_pixel_size(22.33nm),,
C10-M,C10-M-07.tif,2000.0,2000x,0.05582,meta:ap_image_pixel_size(55.82nm),,
C10-M,C10-M-08.tif,500.0,500x,0.22330000000000003,meta:ap_image_pixel_size(223.3nm),,
C10-M,C10-M-09.tif,10000.0,10000x,0.01116,meta:ap_image_pixel_size(11.16nm),,
C10-M,C10-M-10.tif,5000.0,5000x,0.02233,meta:ap_image_pixel_size(22.33nm),,
C10-M,C10-M-11.tif,2000.0,2000x,0.05582,meta:ap_image_pixel_size(55.82nm),,
C10-M,C10-M-12.tif,500.0,500x,0.22330000000000003,meta:ap_image_pixel_size(223.3nm),,
C10-S,C10-S-01.tif,10000.0,10000x,0.01116,meta:ap_image_pixel_size(11.16nm),,
C10-S,C10-S-02.tif,5000.0,5000x,0.02233,meta:ap_image_pixel_size(22.33nm),,
C10-S,C10-S-03.tif,2000.0,2000x,0.05582,meta:ap_image_pixel_size(55.82nm),,
C10-S,C10-S-04.tif,500.0,500x,0.22330000000000003,meta:ap_image_pixel_size(223.3nm),,
C10-S,C10-S-05.tif,10000.0,10000x,0.01116,meta:ap_image_pixel_size(11.16nm),,
C10-S,C10-S-06.tif,5000.0,5000x,0.02233,meta:ap_image_pixel_size(22.33nm),,
C10-S,C10-S-07.tif,2000.0,2000x,0.05582,meta:ap_image_pixel_size(55.82nm),,
C10-S,C10-S-08.tif,500.0,500x,0.22330000000000003,meta:ap_image_pixel_size(223.3nm),,
C10-S,C10-S-09.tif,10000.0,10000x,0.01116,meta:ap_image_pixel_size(11.16nm),,
C10-S,C10-S-10.tif,5000.0,5000x,0.02233,meta:ap_image_pixel_size(22.33nm),,
C10-S,C10-S-11.tif,2000.0,2000x,0.05582,meta:ap_image_pixel_size(55.82nm),,
C10-S,C10-S-12.tif,500.0,500x,0.22330000000000003,meta:ap_image_pixel_size(223.3nm),,
C11-L,C11-L-01.tif,10000.0,10000x,0.01116,meta:ap_image_pixel_size(11.16nm),,
C11-L,C11-L-02.tif,5000.0,5000x,0.02233,meta:ap_image_pixel_size(22.33nm),,
C11-L,C11-L-03.tif,2000.0,2000x,0.05582,meta:ap_image_pixel_size(55.82nm),,
C11-L,C11-L-04.tif,500.0,500x,0.22330000000000003,meta:ap_image_pixel_size(223.3nm),,
C11-L,C11-L-05.tif,10000.0,10000x,0.01116,meta:ap_image_pixel_size(11.16nm),,
C11-L,C11-L-06.tif,5000.0,5000x,0.02233,meta:ap_image_pixel_size(22.33nm),,
C11-L,C11-L-07.tif,2000.0,2000x,0.05582,meta:ap_image_pixel_size(55.82nm),,
C11-L,C11-L-08.tif,500.0,500x,0.22330000000000003,meta:ap_image_pixel_size(223.3nm),,
C11-L,C11-L-09.tif,10000.0,10000x,0.01116,meta:ap_image_pixel_size(11.16nm),,
C11-L,C11-L-10.tif,5000.0,5000x,0.02233,meta:ap_image_pixel_size(22.33nm),,
C11-L,C11-L-11.tif,2000.0,2000x,0.05582,meta:ap_image_pixel_size(55.82nm),,
C11-L,C11-L-12.tif,500.0,500x,0.22330000000000003,meta:ap_image_pixel_size(223.3nm),,
C11-M,C11-M-01.tif,10000.0,10000x,0.01116,meta:ap_image_pixel_size(11.16nm),,
C11-M,C11-M-02.tif,5000.0,5000x,0.02233,meta:ap_image_pixel_size(22.33nm),,
C11-M,C11-M-03.tif,2000.0,2000x,0.05582,meta:ap_image_pixel_size(55.82nm),,
C11-M,C11-M-04.tif,500.0,500x,0.22330000000000003,meta:ap_image_pixel_size(223.3nm),,
C11-M,C11-M-05.tif,10000.0,10000x,0.01116,meta:ap_image_pixel_size(11.16nm),,
C11-M,C11-M-06.tif,5000.0,5000x,0.02233,meta:ap_image_pixel_size(22.33nm),,
C11-M,C11-M-07.tif,2000.0,2000x,0.05582,meta:ap_image_pixel_size(55.82nm),,
C11-M,C11-M-08.tif,500.0,500x,0.22330000000000003,meta:ap_image_pixel_size(223.3nm),,
C11-M,C11-M-09.tif,10000.0,10000x,0.01116,meta:ap_image_pixel_size(11.16nm),,
C11-M,C11-M-10.tif,5000.0,5000x,0.02233,meta:ap_image_pixel_size(22.33nm),,
C11-M,C11-M-11.tif,2000.0,2000x,0.05582,meta:ap_image_pixel_size(55.82nm),,
C11-M,C11-M-12.tif,500.0,500x,0.22330000000000003,meta:ap_image_pixel_size(223.3nm),,
C11-S,C11-S-01.tif,10000.0,10000x,0.01116,meta:ap_image_pixel_size(11.16nm),,
C11-S,C11-S-02.tif,5000.0,5000x,0.02233,meta:ap_image_pixel_size(22.33nm),,
C11-S,C11-S-03.tif,2000.0,2000x,0.05582,meta:ap_image_pixel_size(55.82nm),,
C11-S,C11-S-04.tif,500.0,500x,0.22330000000000003,meta:ap_image_pixel_size(223.3nm),,
C11-S,C11-S-05.tif,10000.0,10000x,0.01116,meta:ap_image_pixel_size(11.16nm),,
C11-S,C11-S-06.tif,5000.0,5000x,0.02233,meta:ap_image_pixel_size(22.33nm),,
C11-S,C11-S-07.tif,2000.0,2000x,0.05582,meta:ap_image_pixel_size(55.82nm),,
C11-S,C11-S-08.tif,500.0,500x,0.22330000000000003,meta:ap_image_pixel_size(223.3nm),,
C11-S,C11-S-09.tif,10000.0,10000x,0.01116,meta:ap_image_pixel_size(11.16nm),,
C11-S,C11-S-10.tif,5000.0,5000x,0.02233,meta:ap_image_pixel_size(22.33nm),,
C11-S,C11-S-11.tif,2000.0,2000x,0.05582,meta:ap_image_pixel_size(55.82nm),,
C11-S,C11-S-12.tif,500.0,500x,0.22330000000000003,meta:ap_image_pixel_size(223.3nm),,
C12-L,C12-L-001.tif,10000.0,10000x,0.01116,meta:ap_image_pixel_size(11.16nm),,
C12-L,C12-L-002.tif,5000.0,5000x,0.02233,meta:ap_image_pixel_size(22.33nm),,
C12-L,C12-L-003.tif,2000.0,2000x,0.05582,meta:ap_image_pixel_size(55.82nm),,
C12-L,C12-L-004.tif,500.0,500x,0.22330000000000003,meta:ap_image_pixel_size(223.3nm),,
C12-L,C12-L-005.tif,10000.0,10000x,0.01116,meta:ap_image_pixel_size(11.16nm),,
C12-L,C12-L-006.tif,5000.0,5000x,0.02233,meta:ap_image_pixel_size(22.33nm),,
C12-L,C12-L-007.tif,2000.0,2000x,0.05582,meta:ap_image_pixel_size(55.82nm),,
C12-L,C12-L-008.tif,500.0,500x,0.22330000000000003,meta:ap_image_pixel_size(223.3nm),,
C12-L,C12-L-009.tif,10000.0,10000x,0.01116,meta:ap_image_pixel_size(11.16nm),,
C12-L,C12-L-010.tif,5000.0,5000x,0.02233,meta:ap_image_pixel_size(22.33nm),,
C12-L,C12-L-011.tif,2000.0,2000x,0.05582,meta:ap_image_pixel_size(55.82nm),,
C12-L,C12-L-012.tif,500.0,500x,0.22330000000000003,meta:ap_image_pixel_size(223.3nm),,
C12-M,C12-M-001.tif,10000.0,10000x,0.01116,meta:ap_image_pixel_size(11.16nm),,
C12-M,C12-M-002.tif,5000.0,5000x,0.02233,meta:ap_image_pixel_size(22.33nm),,
C12-M,C12-M-003.tif,2000.0,2000x,0.05582,meta:ap_image_pixel_size(55.82nm),,
C12-M,C12-M-004.tif,500.0,500x,0.22330000000000003,meta:ap_image_pixel_size(223.3nm),,
C12-M,C12-M-005.tif,10000.0,10000x,0.01116,meta:ap_image_pixel_size(11.16nm),,
C12-M,C12-M-006.tif,5000.0,5000x,0.02233,meta:ap_image_pixel_size(22.33nm),,
C12-M,C12-M-007.tif,2000.0,2000x,0.05582,meta:ap_image_pixel_size(55.82nm),,
C12-M,C12-M-008.tif,500.0,500x,0.22330000000000003,meta:ap_image_pixel_size(223.3nm),,
C12-M,C12-M-009.tif,10000.0,10000x,0.01116,meta:ap_image_pixel_size(11.16nm),,
C12-M,C12-M-010.tif,5000.0,5000x,0.02233,meta:ap_image_pixel_size(22.33nm),,
C12-M,C12-M-011.tif,2000.0,2000x,0.05582,meta:ap_image_pixel_size(55.82nm),,
C12-M,C12-M-012.tif,500.0,500x,0.22330000000000003,meta:ap_image_pixel_size(223.3nm),,
C12-S,C12-S-001.tif,10000.0,10000x,0.01116,meta:ap_image_pixel_size(11.16nm),,
C12-S,C12-S-002.tif,5000.0,5000x,0.02233,meta:ap_image_pixel_size(22.33nm),,
C12-S,C12-S-003.tif,2000.0,2000x,0.05582,meta:ap_image_pixel_size(55.82nm),,
C12-S,C12-S-004.tif,500.0,500x,0.22330000000000003,meta:ap_image_pixel_size(223.3nm),,
C12-S,C12-S-005.tif,10000.0,10000x,0.01116,meta:ap_image_pixel_size(11.16nm),,
C12-S,C12-S-006.tif,5000.0,5000x,0.02233,meta:ap_image_pixel_size(22.33nm),,
C12-S,C12-S-007.tif,2000.0,2000x,0.05582,meta:ap_image_pixel_size(55.82nm),,
C12-S,C12-S-008.tif,500.0,500x,0.22330000000000003,meta:ap_image_pixel_size(223.3nm),,
C12-S,C12-S-009.tif,10000.0,10000x,0.01116,meta:ap_image_pixel_size(11.16nm),,
C12-S,C12-S-010.tif,5000.0,5000x,0.02233,meta:ap_image_pixel_size(22.33nm),,
C12-S,C12-S-011.tif,2000.0,2000x,0.05582,meta:ap_image_pixel_size(55.82nm),,
C12-S,C12-S-012.tif,500.0,500x,0.22330000000000003,meta:ap_image_pixel_size(223.3nm),,
C13-L,C13-L-01.tif,10000.0,10000x,0.01116,meta:ap_image_pixel_size(11.16nm),,
C13-L,C13-L-02.tif,5000.0,5000x,0.02233,meta:ap_image_pixel_size(22.33nm),,
C13-L,C13-L-03.tif,2000.0,2000x,0.05582,meta:ap_image_pixel_size(55.82nm),,
C13-L,C13-L-04.tif,500.0,500x,0.22330000000000003,meta:ap_image_pixel_size(223.3nm),,
C13-L,C13-L-05.tif,10000.0,10000x,0.01116,meta:ap_image_pixel_size(11.16nm),,
C13-L,C13-L-06.tif,5000.0,5000x,0.02233,meta:ap_image_pixel_size(22.33nm),,
C13-L,C13-L-07.tif,2000.0,2000x,0.05582,meta:ap_image_pixel_size(55.82nm),,
C13-L,C13-L-08.tif,500.0,500x,0.22330000000000003,meta:ap_image_pixel_size(223.3nm),,
C13-L,C13-L-09.tif,10000.0,10000x,0.01116,meta:ap_image_pixel_size(11.16nm),,
C13-L,C13-L-10.tif,5000.0,5000x,0.02233,meta:ap_image_pixel_size(22.33nm),,
C13-L,C13-L-11.tif,2000.0,2000x,0.05582,meta:ap_image_pixel_size(55.82nm),,
C13-L,C13-L-12.tif,500.0,500x,0.22330000000000003,meta:ap_image_pixel_size(223.3nm),,
C13-M,C13-M-01.tif,10000.0,10000x,0.01116,meta:ap_image_pixel_size(11.16nm),,
C13-M,C13-M-02.tif,5000.0,5000x,0.02233,meta:ap_image_pixel_size(22.33nm),,
C13-M,C13-M-03.tif,2000.0,2000x,0.05582,meta:ap_image_pixel_size(55.82nm),,
C13-M,C13-M-04.tif,500.0,500x,0.22330000000000003,meta:ap_image_pixel_size(223.3nm),,
C13-M,C13-M-05.tif,10000.0,10000x,0.01116,meta:ap_image_pixel_size(11.16nm),,
C13-M,C13-M-06.tif,5000.0,5000x,0.02233,meta:ap_image_pixel_size(22.33nm),,
C13-M,C13-M-07.tif,2000.0,2000x,0.05582,meta:ap_image_pixel_size(55.82nm),,
C13-M,C13-M-08.tif,500.0,500x,0.22330000000000003,meta:ap_image_pixel_size(223.3nm),,
C13-M,C13-M-09.tif,10000.0,10000x,0.01116,meta:ap_image_pixel_size(11.16nm),,
C13-M,C13-M-10.tif,5000.0,5000x,0.02233,meta:ap_image_pixel_size(22.33nm),,
C13-M,C13-M-11.tif,2000.0,2000x,0.05582,meta:ap_image_pixel_size(55.82nm),,
C13-M,C13-M-12.tif,500.0,500x,0.22330000000000003,meta:ap_image_pixel_size(223.3nm),,
C13-S,C13-S-01.tif,10000.0,10000x,0.01116,meta:ap_image_pixel_size(11.16nm),,
C13-S,C13-S-02.tif,5000.0,5000x,0.02233,meta:ap_image_pixel_size(22.33nm),,
C13-S,C13-S-03.tif,2000.0,2000x,0.05582,meta:ap_image_pixel_size(55.82nm),,
C13-S,C13-S-04.tif,500.0,500x,0.22330000000000003,meta:ap_image_pixel_size(223.3nm),,
C13-S,C13-S-05.tif,10000.0,10000x,0.01116,meta:ap_image_pixel_size(11.16nm),,
C13-S,C13-S-06.tif,5000.0,5000x,0.02233,meta:ap_image_pixel_size(22.33nm),,
C13-S,C13-S-07.tif,2000.0,2000x,0.05582,meta:ap_image_pixel_size(55.82nm),,
C13-S,C13-S-08.tif,500.0,500x,0.22330000000000003,meta:ap_image_pixel_size(223.3nm),,
C13-S,C13-S-09.tif,10000.0,10000x,0.01116,meta:ap_image_pixel_size(11.16nm),,
C13-S,C13-S-10.tif,5000.0,5000x,0.02233,meta:ap_image_pixel_size(22.33nm),,
C13-S,C13-S-11.tif,2000.0,2000x,0.05582,meta:ap_image_pixel_size(55.82nm),,
C13-S,C13-S-12.tif,500.0,500x,0.22330000000000003,meta:ap_image_pixel_size(223.3nm),,
C14-L,C14-L-01.tif,10000.0,10000x,0.01116,meta:ap_image_pixel_size(11.16nm),,
C14-L,C14-L-02.tif,5000.0,5000x,0.02233,meta:ap_image_pixel_size(22.33nm),,
C14-L,C14-L-03.tif,2000.0,2000x,0.05582,meta:ap_image_pixel_size(55.82nm),,
C14-L,C14-L-04.tif,500.0,500x,0.22330000000000003,meta:ap_image_pixel_size(223.3nm),,
C14-L,C14-L-05.tif,10000.0,10000x,0.01116,meta:ap_image_pixel_size(11.16nm),,
C14-L,C14-L-06.tif,5000.0,5000x,0.02233,meta:ap_image_pixel_size(22.33nm),,
C14-L,C14-L-07.tif,2000.0,2000x,0.05582,meta:ap_image_pixel_size(55.82nm),,
C14-L,C14-L-08.tif,500.0,500x,0.22330000000000003,meta:ap_image_pixel_size(223.3nm),,
C14-L,C14-L-09.tif,10000.0,10000x,0.01116,meta:ap_image_pixel_size(11.16nm),,
C14-L,C14-L-10.tif,5000.0,5000x,0.02233,meta:ap_image_pixel_size(22.33nm),,
C14-L,C14-L-11.tif,2000.0,2000x,0.05582,meta:ap_image_pixel_size(55.82nm),,
C14-L,C14-L-12.tif,500.0,500x,0.22330000000000003,meta:ap_image_pixel_size(223.3nm),,
C14-M,C14-M-01.tif,10000.0,10000x,0.01116,meta:ap_image_pixel_size(11.16nm),,
C14-M,C14-M-02.tif,5000.0,5000x,0.02233,meta:ap_image_pixel_size(22.33nm),,
C14-M,C14-M-03.tif,2000.0,2000x,0.05582,meta:ap_image_pixel_size(55.82nm),,
C14-M,C14-M-04.tif,500.0,500x,0.22330000000000003,meta:ap_image_pixel_size(223.3nm),,
C14-M,C14-M-05.tif,10000.0,10000x,0.01116,meta:ap_image_pixel_size(11.16nm),,
C14-M,C14-M-06.tif,5000.0,5000x,0.02233,meta:ap_image_pixel_size(22.33nm),,
C14-M,C14-M-07.tif,2000.0,2000x,0.05582,meta:ap_image_pixel_size(55.82nm),,
C14-M,C14-M-08.tif,500.0,500x,0.22330000000000003,meta:ap_image_pixel_size(223.3nm),,
C14-M,C14-M-09.tif,10000.0,10000x,0.01116,meta:ap_image_pixel_size(11.16nm),,
C14-M,C14-M-10.tif,5000.0,5000x,0.02233,meta:ap_image_pixel_size(22.33nm),,
C14-M,C14-M-11.tif,2000.0,2000x,0.05582,meta:ap_image_pixel_size(55.82nm),,
C14-M,C14-M-12.tif,500.0,500x,0.22330000000000003,meta:ap_image_pixel_size(223.3nm),,
C14-S,C14-S-01.tif,10000.0,10000x,0.01116,meta:ap_image_pixel_size(11.16nm),,
C14-S,C14-S-02.tif,5000.0,5000x,0.02233,meta:ap_image_pixel_size(22.33nm),,
C14-S,C14-S-03.tif,2000.0,2000x,0.05582,meta:ap_image_pixel_size(55.82nm),,
C14-S,C14-S-04.tif,500.0,500x,0.22330000000000003,meta:ap_image_pixel_size(223.3nm),,
C14-S,C14-S-05.tif,10000.0,10000x,0.01116,meta:ap_image_pixel_size(11.16nm),,
C14-S,C14-S-06.tif,5000.0,5000x,0.02233,meta:ap_image_pixel_size(22.33nm),,
C14-S,C14-S-07.tif,2000.0,2000x,0.05582,meta:ap_image_pixel_size(55.82nm),,
C14-S,C14-S-08.tif,500.0,500x,0.22330000000000003,meta:ap_image_pixel_size(223.3nm),,
C14-S,C14-S-09.tif,10000.0,10000x,0.01116,meta:ap_image_pixel_size(11.16nm),,
C14-S,C14-S-10.tif,5000.0,5000x,0.02233,meta:ap_image_pixel_size(22.33nm),,
C14-S,C14-S-11.tif,2000.0,2000x,0.05582,meta:ap_image_pixel_size(55.82nm),,
C14-S,C14-S-12.tif,500.0,500x,0.22330000000000003,meta:ap_image_pixel_size(223.3nm),,
C15-L,C15-L-001.tif,10000.0,10000x,0.01116,meta:ap_image_pixel_size(11.16nm),,
C15-L,C15-L-002.tif,5000.0,5000x,0.02233,meta:ap_image_pixel_size(22.33nm),,
C15-L,C15-L-003.tif,2000.0,2000x,0.05582,meta:ap_image_pixel_size(55.82nm),,
C15-L,C15-L-004.tif,500.0,500x,0.22330000000000003,meta:ap_image_pixel_size(223.3nm),,
C15-L,C15-L-005.tif,10000.0,10000x,0.01116,meta:ap_image_pixel_size(11.16nm),,
C15-L,C15-L-006.tif,5000.0,5000x,0.02233,meta:ap_image_pixel_size(22.33nm),,
C15-L,C15-L-007.tif,2000.0,2000x,0.05582,meta:ap_image_pixel_size(55.82nm),,
C15-L,C15-L-008.tif,500.0,500x,0.22330000000000003,meta:ap_image_pixel_size(223.3nm),,
C15-L,C15-L-009.tif,10000.0,10000x,0.01116,meta:ap_image_pixel_size(11.16nm),,
C15-L,C15-L-010.tif,5000.0,5000x,0.02233,meta:ap_image_pixel_size(22.33nm),,
C15-L,C15-L-011.tif,2000.0,2000x,0.05582,meta:ap_image_pixel_size(55.82nm),,
C15-L,C15-L-012.tif,500.0,500x,0.22330000000000003,meta:ap_image_pixel_size(223.3nm),,
C15-M,C15-M-001.tif,10000.0,10000x,0.01116,meta:ap_image_pixel_size(11.16nm),,
C15-M,C15-M-002.tif,5000.0,5000x,0.02233,meta:ap_image_pixel_size(22.33nm),,
C15-M,C15-M-003.tif,2000.0,2000x,0.05582,meta:ap_image_pixel_size(55.82nm),,
C15-M,C15-M-004.tif,500.0,500x,0.22330000000000003,meta:ap_image_pixel_size(223.3nm),,
C15-M,C15-M-005.tif,10000.0,10000x,0.01116,meta:ap_image_pixel_size(11.16nm),,
C15-M,C15-M-006.tif,5000.0,5000x,0.02233,meta:ap_image_pixel_size(22.33nm),,
C15-M,C15-M-007.tif,2000.0,2000x,0.05582,meta:ap_image_pixel_size(55.82nm),,
C15-M,C15-M-008.tif,500.0,500x,0.22330000000000003,meta:ap_image_pixel_size(223.3nm),,
C15-M,C15-M-009.tif,10000.0,10000x,0.01116,meta:ap_image_pixel_size(11.16nm),,
C15-M,C15-M-010.tif,5000.0,5000x,0.02233,meta:ap_image_pixel_size(22.33nm),,
C15-M,C15-M-011.tif,2000.0,2000x,0.05582,meta:ap_image_pixel_size(55.82nm),,
C15-M,C15-M-012.tif,500.0,500x,0.22330000000000003,meta:ap_image_pixel_size(223.3nm),,
C15-S,C15-S-001.tif,10000.0,10000x,0.01116,meta:ap_image_pixel_size(11.16nm),,
C15-S,C15-S-002.tif,5000.0,5000x,0.02233,meta:ap_image_pixel_size(22.33nm),,
C15-S,C15-S-003.tif,2000.0,2000x,0.05582,meta:ap_image_pixel_size(55.82nm),,
C15-S,C15-S-004.tif,500.0,500x,0.22330000000000003,meta:ap_image_pixel_size(223.3nm),,
C15-S,C15-S-005.tif,10000.0,10000x,0.01116,meta:ap_image_pixel_size(11.16nm),,
C15-S,C15-S-006.tif,5000.0,5000x,0.02233,meta:ap_image_pixel_size(22.33nm),,
C15-S,C15-S-007.tif,2000.0,2000x,0.05582,meta:ap_image_pixel_size(55.82nm),,
C15-S,C15-S-008.tif,500.0,500x,0.22330000000000003,meta:ap_image_pixel_size(223.3nm),,
C15-S,C15-S-009.tif,10000.0,10000x,0.01116,meta:ap_image_pixel_size(11.16nm),,
C15-S,C15-S-010.tif,5000.0,5000x,0.02233,meta:ap_image_pixel_size(22.33nm),,
C15-S,C15-S-011.tif,2000.0,2000x,0.05582,meta:ap_image_pixel_size(55.82nm),,
C15-S,C15-S-012.tif,500.0,500x,0.22330000000000003,meta:ap_image_pixel_size(223.3nm),,
C16-L,C16-L-001.tif,10000.0,10000x,0.01116,meta:ap_image_pixel_size(11.16nm),,
C16-L,C16-L-002.tif,5000.0,5000x,0.02233,meta:ap_image_pixel_size(22.33nm),,
C16-L,C16-L-003.tif,2000.0,2000x,0.05582,meta:ap_image_pixel_size(55.82nm),,
C16-L,C16-L-004.tif,500.0,500x,0.22330000000000003,meta:ap_image_pixel_size(223.3nm),,
C16-L,C16-L-005.tif,10000.0,10000x,0.01116,meta:ap_image_pixel_size(11.16nm),,
C16-L,C16-L-006.tif,5000.0,5000x,0.02233,meta:ap_image_pixel_size(22.33nm),,
C16-L,C16-L-007.tif,2000.0,2000x,0.05582,meta:ap_image_pixel_size(55.82nm),,
C16-L,C16-L-008.tif,500.0,500x,0.22330000000000003,meta:ap_image_pixel_size(223.3nm),,
C16-L,C16-L-009.tif,10000.0,10000x,0.01116,meta:ap_image_pixel_size(11.16nm),,
C16-L,C16-L-010.tif,5000.0,5000x,0.02233,meta:ap_image_pixel_size(22.33nm),,
C16-L,C16-L-011.tif,2000.0,2000x,0.05582,meta:ap_image_pixel_size(55.82nm),,
C16-L,C16-L-012.tif,500.0,500x,0.22330000000000003,meta:ap_image_pixel_size(223.3nm),,
C16-M,C16-M-001.tif,10000.0,10000x,0.01116,meta:ap_image_pixel_size(11.16nm),,
C16-M,C16-M-002.tif,5000.0,5000x,0.02233,meta:ap_image_pixel_size(22.33nm),,
C16-M,C16-M-003.tif,2000.0,2000x,0.05582,meta:ap_image_pixel_size(55.82nm),,
C16-M,C16-M-004.tif,500.0,500x,0.22330000000000003,meta:ap_image_pixel_size(223.3nm),,
C16-M,C16-M-005.tif,10000.0,10000x,0.01116,meta:ap_image_pixel_size(11.16nm),,
C16-M,C16-M-006.tif,5000.0,5000x,0.02233,meta:ap_image_pixel_size(22.33nm),,
C16-M,C16-M-007.tif,2000.0,2000x,0.05582,meta:ap_image_pixel_size(55.82nm),,
C16-M,C16-M-008.tif,500.0,500x,0.22330000000000003,meta:ap_image_pixel_size(223.3nm),,
C16-M,C16-M-009.tif,10000.0,10000x,0.01116,meta:ap_image_pixel_size(11.16nm),,
C16-M,C16-M-010.tif,5000.0,5000x,0.02233,meta:ap_image_pixel_size(22.33nm),,
C16-M,C16-M-011.tif,2000.0,2000x,0.05582,meta:ap_image_pixel_size(55.82nm),,
C16-M,C16-M-012.tif,500.0,500x,0.22330000000000003,meta:ap_image_pixel_size(223.3nm),,
C16-S,C16-S-001.tif,10000.0,10000x,0.01116,meta:ap_image_pixel_size(11.16nm),,
C16-S,C16-S-002.tif,5000.0,5000x,0.02233,meta:ap_image_pixel_size(22.33nm),,
C16-S,C16-S-003.tif,2000.0,2000x,0.05582,meta:ap_image_pixel_size(55.82nm),,
C16-S,C16-S-004.tif,500.0,500x,0.22330000000000003,meta:ap_image_pixel_size(223.3nm),,
C16-S,C16-S-005.tif,10000.0,10000x,0.01116,meta:ap_image_pixel_size(11.16nm),,
C16-S,C16-S-006.tif,5000.0,5000x,0.02233,meta:ap_image_pixel_size(22.33nm),,
C16-S,C16-S-007.tif,2000.0,2000x,0.05582,meta:ap_image_pixel_size(55.82nm),,
C16-S,C16-S-008.tif,500.0,500x,0.22330000000000003,meta:ap_image_pixel_size(223.3nm),,
C16-S,C16-S-009.tif,10000.0,10000x,0.01116,meta:ap_image_pixel_size(11.16nm),,
C16-S,C16-S-010.tif,5000.0,5000x,0.02233,meta:ap_image_pixel_size(22.33nm),,
C16-S,C16-S-011.tif,2000.0,2000x,0.05582,meta:ap_image_pixel_size(55.82nm),,
C16-S,C16-S-012.tif,500.0,500x,0.22330000000000003,meta:ap_image_pixel_size(223.3nm),,
C17-L,C17-L-001.tif,10000.0,10000x,0.01116,meta:ap_image_pixel_size(11.16nm),,
C17-L,C17-L-002.tif,5000.0,5000x,0.02233,meta:ap_image_pixel_size(22.33nm),,
C17-L,C17-L-003.tif,2000.0,2000x,0.05582,meta:ap_image_pixel_size(55.82nm),,
C17-L,C17-L-004.tif,500.0,500x,0.22330000000000003,meta:ap_image_pixel_size(223.3nm),,
C17-L,C17-L-005.tif,10000.0,10000x,0.01116,meta:ap_image_pixel_size(11.16nm),,
C17-L,C17-L-006.tif,5000.0,5000x,0.02233,meta:ap_image_pixel_size(22.33nm),,
C17-L,C17-L-007.tif,2000.0,2000x,0.05582,meta:ap_image_pixel_size(55.82nm),,
C17-L,C17-L-008.tif,500.0,500x,0.22330000000000003,meta:ap_image_pixel_size(223.3nm),,
C17-L,C17-L-009.tif,10000.0,10000x,0.01116,meta:ap_image_pixel_size(11.16nm),,
C17-L,C17-L-010.tif,5000.0,5000x,0.02233,meta:ap_image_pixel_size(22.33nm),,
C17-L,C17-L-011.tif,2000.0,2000x,0.05582,meta:ap_image_pixel_size(55.82nm),,
C17-L,C17-L-012.tif,500.0,500x,0.22330000000000003,meta:ap_image_pixel_size(223.3nm),,
C17-M,C17-M-001.tif,10000.0,10000x,0.01116,meta:ap_image_pixel_size(11.16nm),,
C17-M,C17-M-002.tif,5000.0,5000x,0.02233,meta:ap_image_pixel_size(22.33nm),,
C17-M,C17-M-003.tif,2000.0,2000x,0.05582,meta:ap_image_pixel_size(55.82nm),,
C17-M,C17-M-004.tif,500.0,500x,0.22330000000000003,meta:ap_image_pixel_size(223.3nm),,
C17-M,C17-M-005.tif,10000.0,10000x,0.01116,meta:ap_image_pixel_size(11.16nm),,
C17-M,C17-M-006.tif,5000.0,5000x,0.02233,meta:ap_image_pixel_size(22.33nm),,
C17-M,C17-M-007.tif,2000.0,2000x,0.05582,meta:ap_image_pixel_size(55.82nm),,
C17-M,C17-M-008.tif,500.0,500x,0.22330000000000003,meta:ap_image_pixel_size(223.3nm),,
C17-M,C17-M-009.tif,10000.0,10000x,0.01116,meta:ap_image_pixel_size(11.16nm),,
C17-M,C17-M-010.tif,5000.0,5000x,0.02233,meta:ap_image_pixel_size(22.33nm),,
C17-M,C17-M-011.tif,2000.0,2000x,0.05582,meta:ap_image_pixel_size(55.82nm),,
C17-M,C17-M-012.tif,500.0,500x,0.22330000000000003,meta:ap_image_pixel_size(223.3nm),,
C17-S,C17-S-001.tif,10000.0,10000x,0.01116,meta:ap_image_pixel_size(11.16nm),,
C17-S,C17-S-002.tif,5000.0,5000x,0.02233,meta:ap_image_pixel_size(22.33nm),,
C17-S,C17-S-003.tif,2000.0,2000x,0.05582,meta:ap_image_pixel_size(55.82nm),,
C17-S,C17-S-004.tif,500.0,500x,0.22330000000000003,meta:ap_image_pixel_size(223.3nm),,
C17-S,C17-S-005.tif,10000.0,10000x,0.01116,meta:ap_image_pixel_size(11.16nm),,
C17-S,C17-S-006.tif,5000.0,5000x,0.02233,meta:ap_image_pixel_size(22.33nm),,
C17-S,C17-S-007.tif,2000.0,2000x,0.05582,meta:ap_image_pixel_size(55.82nm),,
C17-S,C17-S-008.tif,500.0,500x,0.22330000000000003,meta:ap_image_pixel_size(223.3nm),,
C17-S,C17-S-009.tif,10000.0,10000x,0.01116,meta:ap_image_pixel_size(11.16nm),,
C17-S,C17-S-010.tif,5000.0,5000x,0.02233,meta:ap_image_pixel_size(22.33nm),,
C17-S,C17-S-011.tif,2000.0,2000x,0.05582,meta:ap_image_pixel_size(55.82nm),,
C17-S,C17-S-012.tif,500.0,500x,0.22330000000000003,meta:ap_image_pixel_size(223.3nm),,
C18-L,C18-L-001.tif,10000.0,10000x,0.01116,meta:ap_image_pixel_size(11.16nm),,
C18-L,C18-L-002.tif,5000.0,5000x,0.02233,meta:ap_image_pixel_size(22.33nm),,
C18-L,C18-L-003.tif,2000.0,2000x,0.05582,meta:ap_image_pixel_size(55.82nm),,
C18-L,C18-L-004.tif,500.0,500x,0.22330000000000003,meta:ap_image_pixel_size(223.3nm),,
C18-L,C18-L-005.tif,10000.0,10000x,0.01116,meta:ap_image_pixel_size(11.16nm),,
C18-L,C18-L-006.tif,5000.0,5000x,0.02233,meta:ap_image_pixel_size(22.33nm),,
C18-L,C18-L-007.tif,2000.0,2000x,0.05582,meta:ap_image_pixel_size(55.82nm),,
C18-L,C18-L-008.tif,500.0,500x,0.22330000000000003,meta:ap_image_pixel_size(223.3nm),,
C18-L,C18-L-009.tif,10000.0,10000x,0.01116,meta:ap_image_pixel_size(11.16nm),,
C18-L,C18-L-010.tif,5000.0,5000x,0.02233,meta:ap_image_pixel_size(22.33nm),,
C18-L,C18-L-011.tif,2000.0,2000x,0.05582,meta:ap_image_pixel_size(55.82nm),,
C18-L,C18-L-012.tif,500.0,500x,0.22330000000000003,meta:ap_image_pixel_size(223.3nm),,
C18-M,C18-M-001.tif,10000.0,10000x,0.01116,meta:ap_image_pixel_size(11.16nm),,
C18-M,C18-M-002.tif,5000.0,5000x,0.02233,meta:ap_image_pixel_size(22.33nm),,
C18-M,C18-M-003.tif,2000.0,2000x,0.05582,meta:ap_image_pixel_size(55.82nm),,
C18-M,C18-M-004.tif,500.0,500x,0.22330000000000003,meta:ap_image_pixel_size(223.3nm),,
C18-M,C18-M-005.tif,10000.0,10000x,0.01116,meta:ap_image_pixel_size(11.16nm),,
C18-M,C18-M-006.tif,5000.0,5000x,0.02233,meta:ap_image_pixel_size(22.33nm),,
C18-M,C18-M-007.tif,2000.0,2000x,0.05582,meta:ap_image_pixel_size(55.82nm),,
C18-M,C18-M-008.tif,500.0,500x,0.22330000000000003,meta:ap_image_pixel_size(223.3nm),,
C18-M,C18-M-009.tif,10000.0,10000x,0.01116,meta:ap_image_pixel_size(11.16nm),,
C18-M,C18-M-010.tif,5000.0,5000x,0.02233,meta:ap_image_pixel_size(22.33nm),,
C18-M,C18-M-011.tif,2000.0,2000x,0.05582,meta:ap_image_pixel_size(55.82nm),,
C18-M,C18-M-012.tif,500.0,500x,0.22330000000000003,meta:ap_image_pixel_size(223.3nm),,
C18-S,C18-S-001.tif,10000.0,10000x,0.01116,meta:ap_image_pixel_size(11.16nm),,
C18-S,C18-S-002.tif,5000.0,5000x,0.02233,meta:ap_image_pixel_size(22.33nm),,
C18-S,C18-S-003.tif,2000.0,2000x,0.05582,meta:ap_image_pixel_size(55.82nm),,
C18-S,C18-S-004.tif,500.0,500x,0.22330000000000003,meta:ap_image_pixel_size(223.3nm),,
C18-S,C18-S-005.tif,10000.0,10000x,0.01116,meta:ap_image_pixel_size(11.16nm),,
C18-S,C18-S-006.tif,5000.0,5000x,0.02233,meta:ap_image_pixel_size(22.33nm),,
C18-S,C18-S-007.tif,2000.0,2000x,0.05582,meta:ap_image_pixel_size(55.82nm),,
C18-S,C18-S-008.tif,500.0,500x,0.22330000000000003,meta:ap_image_pixel_size(223.3nm),,
C18-S,C18-S-009.tif,10000.0,10000x,0.01116,meta:ap_image_pixel_size(11.16nm),,
C18-S,C18-S-010.tif,5000.0,5000x,0.02233,meta:ap_image_pixel_size(22.33nm),,
C18-S,C18-S-011.tif,2000.0,2000x,0.05582,meta:ap_image_pixel_size(55.82nm),,
C18-S,C18-S-012.tif,500.0,500x,0.22330000000000003,meta:ap_image_pixel_size(223.3nm),,
C19-L,C19-L-001.tif,10000.0,10000x,0.01116,meta:ap_image_pixel_size(11.16nm),,
C19-L,C19-L-002.tif,5000.0,5000x,0.02233,meta:ap_image_pixel_size(22.33nm),,
C19-L,C19-L-003.tif,2000.0,2000x,0.05582,meta:ap_image_pixel_size(55.82nm),,
C19-L,C19-L-004.tif,500.0,500x,0.22330000000000003,meta:ap_image_pixel_size(223.3nm),,
C19-L,C19-L-005.tif,10000.0,10000x,0.01116,meta:ap_image_pixel_size(11.16nm),,
C19-L,C19-L-006.tif,5000.0,5000x,0.02233,meta:ap_image_pixel_size(22.33nm),,
C19-L,C19-L-007.tif,2000.0,2000x,0.05582,meta:ap_image_pixel_size(55.82nm),,
C19-L,C19-L-008.tif,500.0,500x,0.22330000000000003,meta:ap_image_pixel_size(223.3nm),,
C19-L,C19-L-009.tif,10000.0,10000x,0.01116,meta:ap_image_pixel_size(11.16nm),,
C19-L,C19-L-010.tif,5000.0,5000x,0.02233,meta:ap_image_pixel_size(22.33nm),,
C19-L,C19-L-011.tif,2000.0,2000x,0.05582,meta:ap_image_pixel_size(55.82nm),,
C19-L,C19-L-012.tif,500.0,500x,0.22330000000000003,meta:ap_image_pixel_size(223.3nm),,
C19-M,C19-M-001.tif,10000.0,10000x,0.01116,meta:ap_image_pixel_size(11.16nm),,
C19-M,C19-M-002.tif,5000.0,5000x,0.02233,meta:ap_image_pixel_size(22.33nm),,
C19-M,C19-M-003.tif,2000.0,2000x,0.05582,meta:ap_image_pixel_size(55.82nm),,
C19-M,C19-M-004.tif,500.0,500x,0.22330000000000003,meta:ap_image_pixel_size(223.3nm),,
C19-M,C19-M-005.tif,10000.0,10000x,0.01116,meta:ap_image_pixel_size(11.16nm),,
C19-M,C19-M-006.tif,5000.0,5000x,0.02233,meta:ap_image_pixel_size(22.33nm),,
C19-M,C19-M-007.tif,2000.0,2000x,0.05582,meta:ap_image_pixel_size(55.82nm),,
C19-M,C19-M-008.tif,500.0,500x,0.22330000000000003,meta:ap_image_pixel_size(223.3nm),,
C19-M,C19-M-009.tif,10000.0,10000x,0.01116,meta:ap_image_pixel_size(11.16nm),,
C19-M,C19-M-010.tif,5000.0,5000x,0.02233,meta:ap_image_pixel_size(22.33nm),,
C19-M,C19-M-011.tif,2000.0,2000x,0.05582,meta:ap_image_pixel_size(55.82nm),,
C19-M,C19-M-012.tif,500.0,500x,0.22330000000000003,meta:ap_image_pixel_size(223.3nm),,
C19-S,C19-S-001.tif,10000.0,10000x,0.01116,meta:ap_image_pixel_size(11.16nm),,
C19-S,C19-S-002.tif,5000.0,5000x,0.02233,meta:ap_image_pixel_size(22.33nm),,
C19-S,C19-S-003.tif,2000.0,2000x,0.05582,meta:ap_image_pixel_size(55.82nm),,
C19-S,C19-S-004.tif,500.0,500x,0.22330000000000003,meta:ap_image_pixel_size(223.3nm),,
C19-S,C19-S-005.tif,10000.0,10000x,0.01116,meta:ap_image_pixel_size(11.16nm),,
C19-S,C19-S-006.tif,5000.0,5000x,0.02233,meta:ap_image_pixel_size(22.33nm),,
C19-S,C19-S-007.tif,2000.0,2000x,0.05582,meta:ap_image_pixel_size(55.82nm),,
C19-S,C19-S-008.tif,500.0,500x,0.22330000000000003,meta:ap_image_pixel_size(223.3nm),,
C19-S,C19-S-009.tif,10000.0,10000x,0.01116,meta:ap_image_pixel_size(11.16nm),,
C19-S,C19-S-010.tif,5000.0,5000x,0.02233,meta:ap_image_pixel_size(22.33nm),,
C19-S,C19-S-011.tif,2000.0,2000x,0.05582,meta:ap_image_pixel_size(55.82nm),,
C19-S,C19-S-012.tif,500.0,500x,0.22330000000000003,meta:ap_image_pixel_size(223.3nm),,
C20-L,C20-L-01.tif,10000.0,10000x,0.01116,meta:ap_image_pixel_size(11.16nm),,
C20-L,C20-L-02.tif,5000.0,5000x,0.02233,meta:ap_image_pixel_size(22.33nm),,
C20-L,C20-L-03.tif,2000.0,2000x,0.05582,meta:ap_image_pixel_size(55.82nm),,
C20-L,C20-L-04.tif,500.0,500x,0.22330000000000003,meta:ap_image_pixel_size(223.3nm),,
C20-L,C20-L-05.tif,10000.0,10000x,0.01116,meta:ap_image_pixel_size(11.16nm),,
C20-L,C20-L-06.tif,5000.0,5000x,0.02233,meta:ap_image_pixel_size(22.33nm),,
C20-L,C20-L-07.tif,2000.0,2000x,0.05582,meta:ap_image_pixel_size(55.82nm),,
C20-L,C20-L-08.tif,500.0,500x,0.22330000000000003,meta:ap_image_pixel_size(223.3nm),,
C20-L,C20-L-09.tif,10000.0,10000x,0.01116,meta:ap_image_pixel_size(11.16nm),,
C20-L,C20-L-10.tif,5000.0,5000x,0.02233,meta:ap_image_pixel_size(22.33nm),,
C20-L,C20-L-11.tif,2000.0,2000x,0.05582,meta:ap_image_pixel_size(55.82nm),,
C20-L,C20-L-12.tif,500.0,500x,0.22330000000000003,meta:ap_image_pixel_size(223.3nm),,
C20-M,C20-M-01.tif,10000.0,10000x,0.01116,meta:ap_image_pixel_size(11.16nm),,
C20-M,C20-M-02.tif,5000.0,5000x,0.02233,meta:ap_image_pixel_size(22.33nm),,
C20-M,C20-M-03.tif,2000.0,2000x,0.05582,meta:ap_image_pixel_size(55.82nm),,
C20-M,C20-M-04.tif,500.0,500x,0.22330000000000003,meta:ap_image_pixel_size(223.3nm),,
C20-M,C20-M-05.tif,10000.0,10000x,0.01116,meta:ap_image_pixel_size(11.16nm),,
C20-M,C20-M-06.tif,5000.0,5000x,0.02233,meta:ap_image_pixel_size(22.33nm),,
C20-M,C20-M-07.tif,2000.0,2000x,0.05582,meta:ap_image_pixel_size(55.82nm),,
C20-M,C20-M-08.tif,500.0,500x,0.22330000000000003,meta:ap_image_pixel_size(223.3nm),,
C20-M,C20-M-09.tif,10000.0,10000x,0.01116,meta:ap_image_pixel_size(11.16nm),,
C20-M,C20-M-10.tif,5000.0,5000x,0.02233,meta:ap_image_pixel_size(22.33nm),,
C20-M,C20-M-11.tif,2000.0,2000x,0.05582,meta:ap_image_pixel_size(55.82nm),,
C20-M,C20-M-12.tif,500.0,500x,0.22330000000000003,meta:ap_image_pixel_size(223.3nm),,
C20-S,C20-S-01.tif,10000.0,10000x,0.01116,meta:ap_image_pixel_size(11.16nm),,
C20-S,C20-S-02.tif,5000.0,5000x,0.02233,meta:ap_image_pixel_size(22.33nm),,
C20-S,C20-S-03.tif,2000.0,2000x,0.05582,meta:ap_image_pixel_size(55.82nm),,
C20-S,C20-S-04.tif,500.0,500x,0.22330000000000003,meta:ap_image_pixel_size(223.3nm),,
C20-S,C20-S-05.tif,10000.0,10000x,0.01116,meta:ap_image_pixel_size(11.16nm),,
C20-S,C20-S-06.tif,5000.0,5000x,0.02233,meta:ap_image_pixel_size(22.33nm),,
C20-S,C20-S-07.tif,2000.0,2000x,0.05582,meta:ap_image_pixel_size(55.82nm),,
C20-S,C20-S-08.tif,500.0,500x,0.22330000000000003,meta:ap_image_pixel_size(223.3nm),,
C20-S,C20-S-09.tif,10000.0,10000x,0.01116,meta:ap_image_pixel_size(11.16nm),,
C20-S,C20-S-10.tif,5000.0,5000x,0.02233,meta:ap_image_pixel_size(22.33nm),,
C20-S,C20-S-11.tif,2000.0,2000x,0.05582,meta:ap_image_pixel_size(55.82nm),,
C20-S,C20-S-12.tif,500.0,500x,0.22330000000000003,meta:ap_image_pixel_size(223.3nm),,
C21-L,HS20-1-01.tif,10000.0,10000x,0.01116,meta:ap_image_pixel_size(11.16nm),,
C21-L,HS20-1-02.tif,5000.0,5000x,0.02233,meta:ap_image_pixel_size(22.33nm),,
C21-L,HS20-1-03.tif,2000.0,2000x,0.05582,meta:ap_image_pixel_size(55.82nm),,
C21-L,HS20-1-04.tif,500.0,500x,0.22330000000000003,meta:ap_image_pixel_size(223.3nm),,
C21-L,HS20-1-05.tif,10000.0,10000x,0.01116,meta:ap_image_pixel_size(11.16nm),,
C21-L,HS20-1-06.tif,5000.0,5000x,0.02233,meta:ap_image_pixel_size(22.33nm),,
C21-L,HS20-1-07.tif,2000.0,2000x,0.05582,meta:ap_image_pixel_size(55.82nm),,
C21-L,HS20-1-08.tif,500.0,500x,0.22330000000000003,meta:ap_image_pixel_size(223.3nm),,
C21-L,HS20-1-09.tif,10000.0,10000x,0.01116,meta:ap_image_pixel_size(11.16nm),,
C21-L,HS20-1-10.tif,5000.0,5000x,0.02233,meta:ap_image_pixel_size(22.33nm),,
C21-L,HS20-1-11.tif,2000.0,2000x,0.05582,meta:ap_image_pixel_size(55.82nm),,
C21-L,HS20-1-12.tif,500.0,500x,0.22330000000000003,meta:ap_image_pixel_size(223.3nm),,
C21-M,C21-M_10000x_01.tif,10000.0,10000x,0.01116,meta:ap_image_pixel_size(11.16nm),,
C21-M,C21-M_10000x_02.tif,10000.0,10000x,0.01116,meta:ap_image_pixel_size(11.16nm),,
C21-M,C21-M_10000x_03.tif,10000.0,10000x,0.01116,meta:ap_image_pixel_size(11.16nm),,
C21-M,C21-M_5000x_01.tif,5000.0,5000x,0.02233,meta:ap_image_pixel_size(22.33nm),,
C21-M,C21-M_500x_01.tif,500.0,500x,0.22330000000000003,meta:ap_image_pixel_size(223.3nm),,
C21-M,C21-M_500x_02.tif,500.0,500x,0.22330000000000003,meta:ap_image_pixel_size(223.3nm),,
C21-M,C21-M_500x_03.tif,500.0,500x,0.22330000000000003,meta:ap_image_pixel_size(223.3nm),,
C21-M,HS20-3-03.tif,2000.0,2000x,0.05582,meta:ap_image_pixel_size(55.82nm),,
C21-M,HS20-3-06.tif,5000.0,5000x,0.02233,meta:ap_image_pixel_size(22.33nm),,
C21-M,HS20-3-07.tif,2000.0,2000x,0.05582,meta:ap_image_pixel_size(55.82nm),,
C21-M,HS20-3-10.tif,5000.0,5000x,0.02233,meta:ap_image_pixel_size(22.33nm),,
C21-M,HS20-3-11.tif,2000.0,2000x,0.05582,meta:ap_image_pixel_size(55.82nm),,
C21-S,C21-S_5000x_01.tif,5000.0,5000x,0.02233,meta:ap_image_pixel_size(22.33nm),,
C21-S,HS20-2-01.tif,10000.0,10000x,0.01116,meta:ap_image_pixel_size(11.16nm),,
C21-S,HS20-2-03.tif,2000.0,2000x,0.05582,meta:ap_image_pixel_size(55.82nm),,
C21-S,HS20-2-04.tif,500.0,500x,0.22330000000000003,meta:ap_image_pixel_size(223.3nm),,
C21-S,HS20-2-05.tif,10000.0,10000x,0.01116,meta:ap_image_pixel_size(11.16nm),,
C21-S,HS20-2-06.tif,5000.0,5000x,0.02233,meta:ap_image_pixel_size(22.33nm),,
C21-S,HS20-2-07.tif,2000.0,2000x,0.05582,meta:ap_image_pixel_size(55.82nm),,
C21-S,HS20-2-08.tif,500.0,500x,0.22330000000000003,meta:ap_image_pixel_size(223.3nm),,
C21-S,HS20-2-09.tif,10000.0,10000x,0.01116,meta:ap_image_pixel_size(11.16nm),,
C21-S,HS20-2-10.tif,5000.0,5000x,0.02233,meta:ap_image_pixel_size(22.33nm),,
C21-S,HS20-2-11.tif,2000.0,2000x,0.05582,meta:ap_image_pixel_size(55.82nm),,
C21-S,HS20-2-12.tif,500.0,500x,0.22330000000000003,meta:ap_image_pixel_size(223.3nm),,
C22-L,C22-L-01.tif,10000.0,10000x,0.01116,meta:ap_image_pixel_size(11.16nm),,
C22-L,C22-L-02.tif,5000.0,5000x,0.02233,meta:ap_image_pixel_size(22.33nm),,
C22-L,C22-L-03.tif,2000.0,2000x,0.05582,meta:ap_image_pixel_size(55.82nm),,
C22-L,C22-L-04.tif,500.0,500x,0.22330000000000003,meta:ap_image_pixel_size(223.3nm),,
C22-L,C22-L-05.tif,10000.0,10000x,0.01116,meta:ap_image_pixel_size(11.16nm),,
C22-L,C22-L-06.tif,5000.0,5000x,0.02233,meta:ap_image_pixel_size(22.33nm),,
C22-L,C22-L-07.tif,2000.0,2000x,0.05582,meta:ap_image_pixel_size(55.82nm),,
C22-L,C22-L-08.tif,500.0,500x,0.22330000000000003,meta:ap_image_pixel_size(223.3nm),,
C22-L,C22-L-09.tif,10000.0,10000x,0.01116,meta:ap_image_pixel_size(11.16nm),,
C22-L,C22-L-10.tif,5000.0,5000x,0.02233,meta:ap_image_pixel_size(22.33nm),,
C22-L,C22-L-11.tif,2000.0,2000x,0.05582,meta:ap_image_pixel_size(55.82nm),,
C22-L,C22-L-12.tif,500.0,500x,0.22330000000000003,meta:ap_image_pixel_size(223.3nm),,
C22-M,C22-M-01.tif,10000.0,10000x,0.01116,meta:ap_image_pixel_size(11.16nm),,
C22-M,C22-M-02.tif,5000.0,5000x,0.02233,meta:ap_image_pixel_size(22.33nm),,
C22-M,C22-M-03.tif,2000.0,2000x,0.05582,meta:ap_image_pixel_size(55.82nm),,
C22-M,C22-M-04.tif,500.0,500x,0.22330000000000003,meta:ap_image_pixel_size(223.3nm),,
C22-M,C22-M-05.tif,10000.0,10000x,0.01116,meta:ap_image_pixel_size(11.16nm),,
C22-M,C22-M-06.tif,5000.0,5000x,0.02233,meta:ap_image_pixel_size(22.33nm),,
C22-M,C22-M-07.tif,2000.0,2000x,0.05582,meta:ap_image_pixel_size(55.82nm),,
C22-M,C22-M-08.tif,500.0,500x,0.22330000000000003,meta:ap_image_pixel_size(223.3nm),,
C22-M,C22-M-09.tif,10000.0,10000x,0.01116,meta:ap_image_pixel_size(11.16nm),,
C22-M,C22-M-10.tif,5000.0,5000x,0.02233,meta:ap_image_pixel_size(22.33nm),,
C22-M,C22-M-11.tif,2000.0,2000x,0.05582,meta:ap_image_pixel_size(55.82nm),,
C22-M,C22-M-12.tif,500.0,500x,0.22330000000000003,meta:ap_image_pixel_size(223.3nm),,
C22-S,C22-S-01.tif,10000.0,10000x,0.01116,meta:ap_image_pixel_size(11.16nm),,
C22-S,C22-S-02.tif,5000.0,5000x,0.02233,meta:ap_image_pixel_size(22.33nm),,
C22-S,C22-S-03.tif,2000.0,2000x,0.05582,meta:ap_image_pixel_size(55.82nm),,
C22-S,C22-S-04.tif,500.0,500x,0.22330000000000003,meta:ap_image_pixel_size(223.3nm),,
C22-S,C22-S-05.tif,10000.0,10000x,0.01116,meta:ap_image_pixel_size(11.16nm),,
C22-S,C22-S-06.tif,5000.0,5000x,0.02233,meta:ap_image_pixel_size(22.33nm),,
C22-S,C22-S-07.tif,2000.0,2000x,0.05582,meta:ap_image_pixel_size(55.82nm),,
C22-S,C22-S-08.tif,500.0,500x,0.22330000000000003,meta:ap_image_pixel_size(223.3nm),,
C22-S,C22-S-09.tif,10000.0,10000x,0.01116,meta:ap_image_pixel_size(11.16nm),,
C22-S,C22-S-10.tif,5000.0,5000x,0.02233,meta:ap_image_pixel_size(22.33nm),,
C22-S,C22-S-11.tif,2000.0,2000x,0.05582,meta:ap_image_pixel_size(55.82nm),,
C22-S,C22-S-12.tif,500.0,500x,0.22330000000000003,meta:ap_image_pixel_size(223.3nm),,
C23-L,C23-L-01.tif,10000.0,10000x,0.01116,meta:ap_image_pixel_size(11.16nm),,
C23-L,C23-L-02.tif,5000.0,5000x,0.02233,meta:ap_image_pixel_size(22.33nm),,
C23-L,C23-L-03.tif,2000.0,2000x,0.05582,meta:ap_image_pixel_size(55.82nm),,
C23-L,C23-L-04.tif,500.0,500x,0.22330000000000003,meta:ap_image_pixel_size(223.3nm),,
C23-L,C23-L-05.tif,10000.0,10000x,0.01116,meta:ap_image_pixel_size(11.16nm),,
C23-L,C23-L-06.tif,5000.0,5000x,0.02233,meta:ap_image_pixel_size(22.33nm),,
C23-L,C23-L-07.tif,2000.0,2000x,0.05582,meta:ap_image_pixel_size(55.82nm),,
C23-L,C23-L-08.tif,500.0,500x,0.22330000000000003,meta:ap_image_pixel_size(223.3nm),,
C23-L,C23-L-09.tif,10000.0,10000x,0.01116,meta:ap_image_pixel_size(11.16nm),,
C23-L,C23-L-10.tif,5000.0,5000x,0.02233,meta:ap_image_pixel_size(22.33nm),,
C23-L,C23-L-11.tif,2000.0,2000x,0.05582,meta:ap_image_pixel_size(55.82nm),,
C23-L,C23-L-12.tif,500.0,500x,0.22330000000000003,meta:ap_image_pixel_size(223.3nm),,
C23-M,C23-M-01.tif,10000.0,10000x,0.01116,meta:ap_image_pixel_size(11.16nm),,
C23-M,C23-M-02.tif,5000.0,5000x,0.02233,meta:ap_image_pixel_size(22.33nm),,
C23-M,C23-M-03.tif,2000.0,2000x,0.05582,meta:ap_image_pixel_size(55.82nm),,
C23-M,C23-M-04.tif,500.0,500x,0.22330000000000003,meta:ap_image_pixel_size(223.3nm),,
C23-M,C23-M-05.tif,10000.0,10000x,0.01116,meta:ap_image_pixel_size(11.16nm),,
C23-M,C23-M-06.tif,5000.0,5000x,0.02233,meta:ap_image_pixel_size(22.33nm),,
C23-M,C23-M-07.tif,2000.0,2000x,0.05582,meta:ap_image_pixel_size(55.82nm),,
C23-M,C23-M-08.tif,500.0,500x,0.22330000000000003,meta:ap_image_pixel_size(223.3nm),,
C23-M,C23-M-09.tif,10000.0,10000x,0.01116,meta:ap_image_pixel_size(11.16nm),,
C23-M,C23-M-10.tif,5000.0,5000x,0.02233,meta:ap_image_pixel_size(22.33nm),,
C23-M,C23-M-11.tif,2000.0,2000x,0.05582,meta:ap_image_pixel_size(55.82nm),,
C23-M,C23-M-12.tif,500.0,500x,0.22330000000000003,meta:ap_image_pixel_size(223.3nm),,
C23-S,C23-S-01.tif,10000.0,10000x,0.01116,meta:ap_image_pixel_size(11.16nm),,
C23-S,C23-S-02.tif,5000.0,5000x,0.02233,meta:ap_image_pixel_size(22.33nm),,
C23-S,C23-S-03.tif,2000.0,2000x,0.05582,meta:ap_image_pixel_size(55.82nm),,
C23-S,C23-S-04.tif,500.0,500x,0.22330000000000003,meta:ap_image_pixel_size(223.3nm),,
C23-S,C23-S-05.tif,10000.0,10000x,0.01116,meta:ap_image_pixel_size(11.16nm),,
C23-S,C23-S-06.tif,5000.0,5000x,0.02233,meta:ap_image_pixel_size(22.33nm),,
C23-S,C23-S-07.tif,2000.0,2000x,0.05582,meta:ap_image_pixel_size(55.82nm),,
C23-S,C23-S-08.tif,500.0,500x,0.22330000000000003,meta:ap_image_pixel_size(223.3nm),,
C23-S,C23-S-09.tif,10000.0,10000x,0.01116,meta:ap_image_pixel_size(11.16nm),,
C23-S,C23-S-10.tif,5000.0,5000x,0.02233,meta:ap_image_pixel_size(22.33nm),,
C23-S,C23-S-11.tif,2000.0,2000x,0.05582,meta:ap_image_pixel_size(55.82nm),,
C23-S,C23-S-12.tif,500.0,500x,0.22330000000000003,meta:ap_image_pixel_size(223.3nm),,
C24-L,C24-L-001.tif,10000.0,10000x,0.01116,meta:ap_image_pixel_size(11.16nm),,
C24-L,C24-L-002.tif,5000.0,5000x,0.02233,meta:ap_image_pixel_size(22.33nm),,
C24-L,C24-L-003.tif,2000.0,2000x,0.05582,meta:ap_image_pixel_size(55.82nm),,
C24-L,C24-L-004.tif,500.0,500x,0.22330000000000003,meta:ap_image_pixel_size(223.3nm),,
C24-L,C24-L-005.tif,10000.0,10000x,0.01116,meta:ap_image_pixel_size(11.16nm),,
C24-L,C24-L-006.tif,5000.0,5000x,0.02233,meta:ap_image_pixel_size(22.33nm),,
C24-L,C24-L-007.tif,2000.0,2000x,0.05582,meta:ap_image_pixel_size(55.82nm),,
C24-L,C24-L-008.tif,500.0,500x,0.22330000000000003,meta:ap_image_pixel_size(223.3nm),,
C24-L,C24-L-009.tif,10000.0,10000x,0.01116,meta:ap_image_pixel_size(11.16nm),,
C24-L,C24-L-010.tif,5000.0,5000x,0.02233,meta:ap_image_pixel_size(22.33nm),,
C24-L,C24-L-011.tif,2000.0,2000x,0.05582,meta:ap_image_pixel_size(55.82nm),,
C24-L,C24-L-012.tif,500.0,500x,0.22330000000000003,meta:ap_image_pixel_size(223.3nm),,
C24-M,C24-M-001.tif,10000.0,10000x,0.01116,meta:ap_image_pixel_size(11.16nm),,
C24-M,C24-M-002.tif,5000.0,5000x,0.02233,meta:ap_image_pixel_size(22.33nm),,
C24-M,C24-M-003.tif,2000.0,2000x,0.05582,meta:ap_image_pixel_size(55.82nm),,
C24-M,C24-M-004.tif,500.0,500x,0.22330000000000003,meta:ap_image_pixel_size(223.3nm),,
C24-M,C24-M-005.tif,10000.0,10000x,0.01116,meta:ap_image_pixel_size(11.16nm),,
C24-M,C24-M-006.tif,5000.0,5000x,0.02233,meta:ap_image_pixel_size(22.33nm),,
C24-M,C24-M-007.tif,2000.0,2000x,0.05582,meta:ap_image_pixel_size(55.82nm),,
C24-M,C24-M-008.tif,500.0,500x,0.22330000000000003,meta:ap_image_pixel_size(223.3nm),,
C24-M,C24-M-009.tif,10000.0,10000x,0.01116,meta:ap_image_pixel_size(11.16nm),,
C24-M,C24-M-010.tif,5000.0,5000x,0.02233,meta:ap_image_pixel_size(22.33nm),,
C24-M,C24-M-011.tif,2000.0,2000x,0.05582,meta:ap_image_pixel_size(55.82nm),,
C24-M,C24-M-012.tif,500.0,500x,0.22330000000000003,meta:ap_image_pixel_size(223.3nm),,
C24-S,C24-S-001.tif,10000.0,10000x,0.01116,meta:ap_image_pixel_size(11.16nm),,
C24-S,C24-S-002.tif,5000.0,5000x,0.02233,meta:ap_image_pixel_size(22.33nm),,
C24-S,C24-S-003.tif,2000.0,2000x,0.05582,meta:ap_image_pixel_size(55.82nm),,
C24-S,C24-S-004.tif,500.0,500x,0.22330000000000003,meta:ap_image_pixel_size(223.3nm),,
C24-S,C24-S-005.tif,10000.0,10000x,0.01116,meta:ap_image_pixel_size(11.16nm),,
C24-S,C24-S-006.tif,5000.0,5000x,0.02233,meta:ap_image_pixel_size(22.33nm),,
C24-S,C24-S-007.tif,2000.0,2000x,0.05582,meta:ap_image_pixel_size(55.82nm),,
C24-S,C24-S-008.tif,500.0,500x,0.22330000000000003,meta:ap_image_pixel_size(223.3nm),,
C24-S,C24-S-009.tif,10000.0,10000x,0.01116,meta:ap_image_pixel_size(11.16nm),,
C24-S,C24-S-010.tif,5000.0,5000x,0.02233,meta:ap_image_pixel_size(22.33nm),,
C24-S,C24-S-011.tif,2000.0,2000x,0.05582,meta:ap_image_pixel_size(55.82nm),,
C24-S,C24-S-012.tif,500.0,500x,0.22330000000000003,meta:ap_image_pixel_size(223.3nm),,
C25-L,C25-L-001.tif,10000.0,10000x,0.01116,meta:ap_image_pixel_size(11.16nm),,
C25-L,C25-L-002.tif,5000.0,5000x,0.02233,meta:ap_image_pixel_size(22.33nm),,
C25-L,C25-L-003.tif,2000.0,2000x,0.05582,meta:ap_image_pixel_size(55.82nm),,
C25-L,C25-L-004.tif,500.0,500x,0.22330000000000003,meta:ap_image_pixel_size(223.3nm),,
C25-L,C25-L-005.tif,10000.0,10000x,0.01116,meta:ap_image_pixel_size(11.16nm),,
C25-L,C25-L-006.tif,5000.0,5000x,0.02233,meta:ap_image_pixel_size(22.33nm),,
C25-L,C25-L-007.tif,2000.0,2000x,0.05582,meta:ap_image_pixel_size(55.82nm),,
C25-L,C25-L-008.tif,500.0,500x,0.22330000000000003,meta:ap_image_pixel_size(223.3nm),,
C25-L,C25-L-009.tif,10000.0,10000x,0.01116,meta:ap_image_pixel_size(11.16nm),,
C25-L,C25-L-010.tif,5000.0,5000x,0.02233,meta:ap_image_pixel_size(22.33nm),,
C25-L,C25-L-011.tif,2000.0,2000x,0.05582,meta:ap_image_pixel_size(55.82nm),,
C25-L,C25-L-012.tif,500.0,500x,0.22330000000000003,meta:ap_image_pixel_size(223.3nm),,
C25-M,C25-M-001.tif,10000.0,10000x,0.01116,meta:ap_image_pixel_size(11.16nm),,
C25-M,C25-M-002.tif,5000.0,5000x,0.02233,meta:ap_image_pixel_size(22.33nm),,
C25-M,C25-M-003.tif,2000.0,2000x,0.05582,meta:ap_image_pixel_size(55.82nm),,
C25-M,C25-M-004.tif,500.0,500x,0.22330000000000003,meta:ap_image_pixel_size(223.3nm),,
C25-M,C25-M-005.tif,10000.0,10000x,0.01116,meta:ap_image_pixel_size(11.16nm),,
C25-M,C25-M-006.tif,5000.0,5000x,0.02233,meta:ap_image_pixel_size(22.33nm),,
C25-M,C25-M-007.tif,2000.0,2000x,0.05582,meta:ap_image_pixel_size(55.82nm),,
C25-M,C25-M-008.tif,500.0,500x,0.22330000000000003,meta:ap_image_pixel_size(223.3nm),,
C25-M,C25-M-009.tif,10000.0,10000x,0.01116,meta:ap_image_pixel_size(11.16nm),,
C25-M,C25-M-010.tif,5000.0,5000x,0.02233,meta:ap_image_pixel_size(22.33nm),,
C25-M,C25-M-011.tif,2000.0,2000x,0.05582,meta:ap_image_pixel_size(55.82nm),,
C25-M,C25-M-012.tif,500.0,500x,0.22330000000000003,meta:ap_image_pixel_size(223.3nm),,
C25-S,C25-S-001.tif,10000.0,10000x,0.01116,meta:ap_image_pixel_size(11.16nm),,
C25-S,C25-S-002.tif,5000.0,5000x,0.02233,meta:ap_image_pixel_size(22.33nm),,
C25-S,C25-S-003.tif,2000.0,2000x,0.05582,meta:ap_image_pixel_size(55.82nm),,
C25-S,C25-S-004.tif,500.0,500x,0.22330000000000003,meta:ap_image_pixel_size(223.3nm),,
C25-S,C25-S-005.tif,10000.0,10000x,0.01116,meta:ap_image_pixel_size(11.16nm),,
C25-S,C25-S-006.tif,5000.0,5000x,0.02233,meta:ap_image_pixel_size(22.33nm),,
C25-S,C25-S-007.tif,2000.0,2000x,0.05582,meta:ap_image_pixel_size(55.82nm),,
C25-S,C25-S-008.tif,500.0,500x,0.22330000000000003,meta:ap_image_pixel_size(223.3nm),,
C25-S,C25-S-009.tif,10000.0,10000x,0.01116,meta:ap_image_pixel_size(11.16nm),,
C25-S,C25-S-010.tif,5000.0,5000x,0.02233,meta:ap_image_pixel_size(22.33nm),,
C25-S,C25-S-011.tif,2000.0,2000x,0.05582,meta:ap_image_pixel_size(55.82nm),,
C25-S,C25-S-012.tif,500.0,500x,0.22330000000000003,meta:ap_image_pixel_size(223.3nm),,
C26-L,C26-L-001.tif,10000.0,10000x,0.01116,meta:ap_image_pixel_size(11.16nm),,
C26-L,C26-L-002.tif,5000.0,5000x,0.02233,meta:ap_image_pixel_size(22.33nm),,
C26-L,C26-L-003.tif,2000.0,2000x,0.05582,meta:ap_image_pixel_size(55.82nm),,
C26-L,C26-L-004.tif,500.0,500x,0.22330000000000003,meta:ap_image_pixel_size(223.3nm),,
C26-L,C26-L-005.tif,10000.0,10000x,0.01116,meta:ap_image_pixel_size(11.16nm),,
C26-L,C26-L-006.tif,5000.0,5000x,0.02233,meta:ap_image_pixel_size(22.33nm),,
C26-L,C26-L-007.tif,2000.0,2000x,0.05582,meta:ap_image_pixel_size(55.82nm),,
C26-L,C26-L-008.tif,500.0,500x,0.22330000000000003,meta:ap_image_pixel_size(223.3nm),,
C26-L,C26-L-009.tif,10000.0,10000x,0.01116,meta:ap_image_pixel_size(11.16nm),,
C26-L,C26-L-010.tif,5000.0,5000x,0.02233,meta:ap_image_pixel_size(22.33nm),,
C26-L,C26-L-011.tif,2000.0,2000x,0.05582,meta:ap_image_pixel_size(55.82nm),,
C26-L,C26-L-012.tif,500.0,500x,0.22330000000000003,meta:ap_image_pixel_size(223.3nm),,
C26-M,C26-M-001.tif,10000.0,10000x,0.01116,meta:ap_image_pixel_size(11.16nm),,
C26-M,C26-M-002.tif,5000.0,5000x,0.02233,meta:ap_image_pixel_size(22.33nm),,
C26-M,C26-M-003.tif,2000.0,2000x,0.05582,meta:ap_image_pixel_size(55.82nm),,
C26-M,C26-M-004.tif,500.0,500x,0.22330000000000003,meta:ap_image_pixel_size(223.3nm),,
C26-M,C26-M-005.tif,10000.0,10000x,0.01116,meta:ap_image_pixel_size(11.16nm),,
C26-M,C26-M-006.tif,5000.0,5000x,0.02233,meta:ap_image_pixel_size(22.33nm),,
C26-M,C26-M-007.tif,2000.0,2000x,0.05582,meta:ap_image_pixel_size(55.82nm),,
C26-M,C26-M-008.tif,500.0,500x,0.22330000000000003,meta:ap_image_pixel_size(223.3nm),,
C26-M,C26-M-009.tif,10000.0,10000x,0.01116,meta:ap_image_pixel_size(11.16nm),,
C26-M,C26-M-010.tif,5000.0,5000x,0.02233,meta:ap_image_pixel_size(22.33nm),,
C26-M,C26-M-011.tif,2000.0,2000x,0.05582,meta:ap_image_pixel_size(55.82nm),,
C26-M,C26-M-012.tif,500.0,500x,0.22330000000000003,meta:ap_image_pixel_size(223.3nm),,
C26-S,C26-S-001.tif,10000.0,10000x,0.01116,meta:ap_image_pixel_size(11.16nm),,
C26-S,C26-S-002.tif,5000.0,5000x,0.02233,meta:ap_image_pixel_size(22.33nm),,
C26-S,C26-S-003.tif,2000.0,2000x,0.05582,meta:ap_image_pixel_size(55.82nm),,
C26-S,C26-S-004.tif,500.0,500x,0.22330000000000003,meta:ap_image_pixel_size(223.3nm),,
C26-S,C26-S-005.tif,10000.0,10000x,0.01116,meta:ap_image_pixel_size(11.16nm),,
C26-S,C26-S-006.tif,5000.0,5000x,0.02233,meta:ap_image_pixel_size(22.33nm),,
C26-S,C26-S-007.tif,2000.0,2000x,0.05582,meta:ap_image_pixel_size(55.82nm),,
C26-S,C26-S-008.tif,500.0,500x,0.22330000000000003,meta:ap_image_pixel_size(223.3nm),,
C26-S,C26-S-009.tif,10000.0,10000x,0.01116,meta:ap_image_pixel_size(11.16nm),,
C26-S,C26-S-010.tif,5000.0,5000x,0.02233,meta:ap_image_pixel_size(22.33nm),,
C26-S,C26-S-011.tif,2000.0,2000x,0.05582,meta:ap_image_pixel_size(55.82nm),,
C26-S,C26-S-012.tif,500.0,500x,0.22330000000000003,meta:ap_image_pixel_size(223.3nm),,
C27-L,C27-L-001.tif,10000.0,10000x,0.01116,meta:ap_image_pixel_size(11.16nm),,
C27-L,C27-L-002.tif,5000.0,5000x,0.02233,meta:ap_image_pixel_size(22.33nm),,
C27-L,C27-L-003.tif,2000.0,2000x,0.05582,meta:ap_image_pixel_size(55.82nm),,
C27-L,C27-L-004.tif,500.0,500x,0.22330000000000003,meta:ap_image_pixel_size(223.3nm),,
C27-L,C27-L-005.tif,10000.0,10000x,0.01116,meta:ap_image_pixel_size(11.16nm),,
C27-L,C27-L-006.tif,5000.0,5000x,0.02233,meta:ap_image_pixel_size(22.33nm),,
C27-L,C27-L-007.tif,2000.0,2000x,0.05582,meta:ap_image_pixel_size(55.82nm),,
C27-L,C27-L-008.tif,500.0,500x,0.22330000000000003,meta:ap_image_pixel_size(223.3nm),,
C27-L,C27-L-009.tif,10000.0,10000x,0.01116,meta:ap_image_pixel_size(11.16nm),,
C27-L,C27-L-010.tif,5000.0,5000x,0.02233,meta:ap_image_pixel_size(22.33nm),,
C27-L,C27-L-011.tif,2000.0,2000x,0.05582,meta:ap_image_pixel_size(55.82nm),,
C27-L,C27-L-012.tif,500.0,500x,0.22330000000000003,meta:ap_image_pixel_size(223.3nm),,
C27-M,C27-M-001.tif,10000.0,10000x,0.01116,meta:ap_image_pixel_size(11.16nm),,
C27-M,C27-M-002.tif,5000.0,5000x,0.02233,meta:ap_image_pixel_size(22.33nm),,
C27-M,C27-M-003.tif,2000.0,2000x,0.05582,meta:ap_image_pixel_size(55.82nm),,
C27-M,C27-M-004.tif,500.0,500x,0.22330000000000003,meta:ap_image_pixel_size(223.3nm),,
C27-M,C27-M-005.tif,10000.0,10000x,0.01116,meta:ap_image_pixel_size(11.16nm),,
C27-M,C27-M-006.tif,5000.0,5000x,0.02233,meta:ap_image_pixel_size(22.33nm),,
C27-M,C27-M-007.tif,2000.0,2000x,0.05582,meta:ap_image_pixel_size(55.82nm),,
C27-M,C27-M-008.tif,500.0,500x,0.22330000000000003,meta:ap_image_pixel_size(223.3nm),,
C27-M,C27-M-009.tif,10000.0,10000x,0.01116,meta:ap_image_pixel_size(11.16nm),,
C27-M,C27-M-010.tif,5000.0,5000x,0.02233,meta:ap_image_pixel_size(22.33nm),,
C27-M,C27-M-011.tif,2000.0,2000x,0.05582,meta:ap_image_pixel_size(55.82nm),,
C27-M,C27-M-012.tif,500.0,500x,0.22330000000000003,meta:ap_image_pixel_size(223.3nm),,
C27-S,C27-S-001.tif,10000.0,10000x,0.01116,meta:ap_image_pixel_size(11.16nm),,
C27-S,C27-S-002.tif,5000.0,5000x,0.02233,meta:ap_image_pixel_size(22.33nm),,
C27-S,C27-S-003.tif,2000.0,2000x,0.05582,meta:ap_image_pixel_size(55.82nm),,
C27-S,C27-S-004.tif,500.0,500x,0.22330000000000003,meta:ap_image_pixel_size(223.3nm),,
C27-S,C27-S-005.tif,10000.0,10000x,0.01116,meta:ap_image_pixel_size(11.16nm),,
C27-S,C27-S-006.tif,5000.0,5000x,0.02233,meta:ap_image_pixel_size(22.33nm),,
C27-S,C27-S-007.tif,2000.0,2000x,0.05582,meta:ap_image_pixel_size(55.82nm),,
C27-S,C27-S-008.tif,500.0,500x,0.22330000000000003,meta:ap_image_pixel_size(223.3nm),,
C27-S,C27-S-009.tif,10000.0,10000x,0.01116,meta:ap_image_pixel_size(11.16nm),,
C27-S,C27-S-010.tif,5000.0,5000x,0.02233,meta:ap_image_pixel_size(22.33nm),,
C27-S,C27-S-011.tif,2000.0,2000x,0.05582,meta:ap_image_pixel_size(55.82nm),,
C27-S,C27-S-012.tif,500.0,500x,0.22330000000000003,meta:ap_image_pixel_size(223.3nm),,
