sample_id,D_sec,aspect_ratio,circularity,convexity,D_pri_sem,n_sec,n_pri,D_pri_sem_classic,n_pri_classic,primary_segmentable,acf_scale_um,edge_density
C01-L,9.213178512111671,1.469620066497575,0.47359435295583596,0.8287671232876712,,501,0,,0,False,0.201,0.1409
C01-M,8.849368497770836,1.5789289469363923,0.38561506522617284,0.7706615357311535,,488,0,,0,False,0.1786,0.1498
C01-S,3.8707915461331637,1.418786393352632,0.718903736468451,0.8789200509925332,,2980,0,,0,False,0.2754,0.1341
C02-L,9.77164328274587,1.5451075464132318,0.43980955885066725,0.8154944770741188,,468,0,,0,False,0.1563,0.1494
C02-M,9.647374794205135,1.5767243068634595,0.3462200452749027,0.7567397010168609,,414,0,,0,False,0.1414,0.1534
C02-S,4.208679785659095,1.4377275836781467,0.6600504103784588,0.8571428571428571,,2609,0,,0,False,0.2456,0.1357
C03-L,9.4697353194502,1.4274911287789949,0.5782163715153235,0.8666440983976529,,492,0,,0,False,0.1563,0.1507
C03-M,10.295226328041476,1.468115734489466,0.4050851886639898,0.7950938554963686,,386,0,,0,False,0.2307,0.1365
C03-S,4.08621916744697,1.4325807484540871,0.6846060850013922,0.8631578947368421,,2809,0,,0,False,0.2605,0.1333
C04-L,10.238051716608437,1.418106979023306,0.5309670970352959,0.8574332909783989,,447,0,,0,False,0.201,0.1389
C04-M,9.387252839225006,1.5575841827166472,0.3752497956842075,0.7689573459715641,,459,0,,0,False,0.1638,0.1461
C04-S,4.140241406965356,1.4563774520471566,0.6653953032174571,0.8598130841121495,,2559,0,,0,False,0.2977,0.1282
C05-L,9.074313316252917,1.48259197130894,0.47966254549408366,0.8247322297955209,,539,0,,0,False,0.1563,0.1469
C05-M,9.846078657768498,1.5804859506636704,0.3413827270468627,0.7478152309612984,,431,0,,0,False,0.1786,0.1449
C05-S,3.8912374721731418,1.4100155750747903,0.7189860447394287,0.8751770538243626,,3162,0,,0,False,0.2531,0.1329
C06-L,9.732584744931176,1.492506012236443,0.4819705492755332,0.8314720812182741,,469,0,,0,False,0.1489,0.1448
C06-M,10.186763881077844,1.5331691304435158,0.35056733121172984,0.755672514619883,,412,0,,0,False,0.1638,0.1446
C06-S,4.879321291024226,1.4938848894570405,0.5858451899641998,0.8294573643410853,,1923,0,,0,False,0.2828,0.1315
C07-L,9.422688717681087,1.5083897324004438,0.42299084584042,0.8039309233650653,,494,0,,0,False,0.1638,0.1438
C07-M,9.887901758142648,1.5847891733264705,0.3315885899325831,0.7470300489168413,,425,0,,0,False,0.201,0.1371
C07-S,4.0156942680121945,1.4139719276818934,0.7035404000758467,0.8712871287128713,,2909,0,,0,False,0.3052,0.1282
C08-L,9.65398923433004,1.4834717123263017,0.43464422034786865,0.8182828563489859,,491,0,,0,False,0.2159,0.1367
C08-M,8.195652056556362,1.5714107488690772,0.37169210968511934,0.7630949480711952,,580,0,,0,False,0.2307,0.1372
C08-S,3.935851422566431,1.443691507998985,0.6939689557199944,0.8629441624365483,,2905,0,,0,False,0.268,0.1329
C09-L,9.594620100662157,1.4624294467534549,0.4860111914298262,0.8391363214113506,,496,0,,0,False,0.1489,0.1482
C09-M,10.040816527558595,1.513005736826081,0.41764273340402425,0.8101767215112736,,389,0,,0,False,0.1935,0.1449
C09-S,3.9998532032338936,1.4358065010019376,0.6949377015008613,0.8689490361060815,,2600,0,,0,False,0.2903,0.1287
C10-L,9.831558786066882,1.4731371438619845,0.4690646534716028,0.832893122534953,,506,0,,0,False,0.2084,0.1344
C10-M,10.769934351879689,1.5671189114534412,0.32441526338040044,0.7527472527472527,,373,0,,0,False,0.201,0.137
C10-S,3.9679813550430554,1.4556435788968156,0.6829112386332447,0.8641975308641975,,2859,0,,0,False,0.268,0.1292
C11-L,10.128950776573637,1.4652918199285618,0.4433810900739104,0.8239545689210118,,443,0,,0,False,0.1861,0.1386
C11-M,9.197559665162274,1.6321812159454938,0.37780607604921823,0.7695229777085391,,476,0,,0,False,0.2382,0.1312
C11-S,4.0550261985540725,1.4475054959753453,0.6762511885183883,0.8589743589743589,,2861,0,,0,False,0.3349,0.1215
C12-L,9.634226087709997,1.451523287884354,0.49099214509717254,0.8288636913401064,,464,0,,0,False,0.1935,0.1358
C12-M,8.603854503709423,1.599656085254699,0.36249173065420365,0.7482494164721574,,533,0,,0,False,0.1786,0.1423
C12-S,4.646043170628641,1.4834659281020697,0.610513687492284,0.8408450704225352,,2223,0,,0,False,0.3052,0.1263
C13-L,10.47710458162205,1.4724771334619722,0.47710045517371913,0.8299180327868851,,425,0,,0,False,0.2382,0.1235
C13-M,11.077957875901715,1.5821354661515497,0.3286829153153,0.7578155916106054,,343,0,,0,False,0.1861,0.1297
C13-S,4.117175815757948,1.4687305677854265,0.6655288099050644,0.8573097463284379,1.0196942015707045,2756,204,1.630209405188778,131,True,0.3126,0.117
C14-L,9.27838873842304,1.5212046451091423,0.4369683142439774,0.8150891407152254,,526,0,,0,False,0.1638,0.1445
C14-M,9.27841144592807,1.6335823938977307,0.33159856049893277,0.7425066220549281,,479,0,,0,False,0.1861,0.1377
C14-S,3.9196876934001574,1.4293711229525659,0.7057355863466722,0.8705882352941177,,3001,0,,0,False,0.268,0.1293
C15-L,9.758642039901567,1.4770864803414034,0.4914376250034461,0.8365978487161694,,482,0,,0,False,0.1861,0.1365
C15-M,10.21321710946393,1.5818442311837149,0.3455167014478714,0.7552056833813858,,346,0,,0,False,0.2382,0.1331
C15-S,4.227492158576884,1.4821153283344861,0.6524774587444,0.8544232348111658,,2412,0,,0,False,0.2754,0.1245
C16-L,10.122680920957952,1.498954774134059,0.4878245707869858,0.8384647827920709,,439,0,,0,False,0.2159,0.1285
C16-M,10.624528374427825,1.5608139362772222,0.3359527396659331,0.7652453003209536,,369,0,,0,False,0.2456,0.135
C16-S,4.411221620440145,1.472692671250589,0.6267739636594966,0.8448857032158078,,2144,0,,0,False,0.2977,0.1249
C17-L,10.525241426110606,1.4834368646490366,0.47601568253526255,0.8366552007915152,,414,0,,0,False,0.2828,0.1215
C17-M,11.839771392430563,1.4846921403502986,0.30618401640677545,0.7525385054192812,,323,0,,0,False,0.2531,0.1208
C17-S,4.611754560525867,1.524258063761922,0.5962876238629882,0.834345429490124,0.9576354342833318,2074,312,1.8507141941521394,160,True,0.3573,0.1088
C18-L,11.273942590428806,1.5143960443160847,0.420479334399403,0.805318138651472,,363,0,,0,False,0.268,0.1131
C18-M,11.127970279117553,1.5585467286182042,0.33400865346303765,0.7583331945687743,,348,0,,0,False,0.268,0.1193
C18-S,4.991872966174892,1.5210851061752273,0.5605387046412269,0.8168570784321094,0.9461355016144309,1866,289,1.8373725833394254,164,True,0.3498,0.109
C19-L,11.819581827800263,1.5383415104877425,0.37471958032132,0.7901516617424433,1.3759339985181283,316,107,1.5597855575151853,128,True,0.2977,0.1145
C19-M,11.765807984953714,1.5348971805831155,0.30909640115218756,0.7465510624337139,,308,0,,0,False,0.2828,0.1036
C19-S,5.3062844292839735,1.6089884295266006,0.5309043651906313,0.8050532697187698,1.1601435046109274,1662,405,1.8090814363514105,163,True,0.3275,0.1038
C20-L,11.327312601950805,1.5147175412887903,0.3675766078194761,0.7979172834468775,1.4836132496670298,362,231,1.742126941039105,146,True,0.3796,0.0726
C20-M,11.568542485201583,1.6022610674960531,0.2871032204972198,0.7269451718726857,1.2545328729703753,338,329,1.7722081831310625,129,True,0.4243,0.0794
C20-S,5.3032932871670715,1.6054195674888876,0.5236644148842428,0.7968750000000001,1.1318903656542405,1609,395,1.5866919327015996,186,True,0.3945,0.0877
C21-L,11.826358256378134,1.569464069402873,0.3190281414260775,0.7608557594865444,,300,0,,0,False,0.2754,0.0942
C21-M,9.157885118422907,1.6221689421613597,0.3130151460837162,0.7251372118551043,1.3000125118852903,465,328,1.6556168297666538,170,True,0.3498,0.0958
C21-S,5.548999065682753,1.5959207229327477,0.5180029222813124,0.8047091412742382,1.2025981962124153,1497,370,1.8071502508041153,143,True,0.4019,0.0893
C22-L,12.522535138943129,1.5779262144242114,0.32279057237521186,0.7728832951945079,1.4274498470769472,265,170,1.808284239890861,96,True,0.3498,0.0916
C22-M,12.992805914875767,1.6320886550211062,0.24412262194862763,0.7132857142857142,1.264111298546736,233,286,1.7020370781635834,159,True,0.4317,0.0933
C22-S,5.56328149565903,1.6396954827686998,0.49088105596107,0.7854625720191758,1.0585612216697573,1472,392,1.4723286714957946,218,True,0.3722,0.0959
C23-L,12.429594538251635,1.5303470767877312,0.3207354068927546,0.7572772161906163,1.4161795826471533,264,182,1.9870283377776112,83,True,0.3498,0.0846
C23-M,9.907145179054213,1.6003824594237708,0.3292918926245407,0.7373725058672091,1.174690892887961,448,324,1.8393595964907241,129,True,0.3796,0.0858
C23-S,6.886587711776878,1.6139264706602068,0.4223410298140281,0.7654324353500505,1.1279572524657577,962,401,1.7830098452816006,128,True,0.4243,0.0862
C24-L,11.072225426422966,1.5145043904992606,0.4304883904753143,0.8124499064921187,,373,0,,0,False,0.268,0.1171
C24-M,10.88717943418724,1.548507992808895,0.3397693825324865,0.7545605808500984,,364,0,,0,False,0.2754,0.1159
C24-S,4.531904977172929,1.5123292903314627,0.6106123834198492,0.8368592397019667,,2188,0,,0,False,0.3052,0.1136
C25-L,11.271113901373727,1.4979641685382052,0.4311072237386223,0.8224826698120924,,364,0,,0,False,0.2233,0.132
C25-M,10.072381574072821,1.5191146138540665,0.3686419031995877,0.7722419928825623,,409,0,,0,False,0.201,0.136
C25-S,5.0582035897342195,1.505678949341122,0.5624478112643455,0.8183006535947713,,1813,0,,0,False,0.3126,0.1189
C26-L,11.543832104568837,1.57652212082256,0.3482391535179845,0.770765324628219,1.225736097779432,359,224,1.6313434764317782,152,True,0.3945,0.0902
C26-M,12.263835393808279,1.5145687054984804,0.3032572824128868,0.7549215406562054,1.2732441655137383,303,218,1.8677882146498122,81,True,0.3573,0.0948
C26-S,5.415826839329719,1.6057461249214457,0.5073927498179474,0.7953216374269005,1.1554826232874524,1501,391,1.6801629914204086,180,True,0.3796,0.0918
C27-L,11.441635623198781,1.4996839290927213,0.4306557348429704,0.8162839248434238,,355,0,,0,False,0.2159,0.1326
C27-M,11.31609882347827,1.5455966236865375,0.33511319841315834,0.75,,335,0,,0,False,0.1786,0.1379
C27-S,4.830280523803874,1.5346013670928402,0.5625180144350935,0.817032793777591,,1816,0,,0,False,0.2754,0.1204
