section,target,group,term,metric,value,ci_low,ci_high,se,n,note
anova_diagnostic,D_f,,,type_agreement,1.0,,,,81.0,Type I/II/III SS 是否一致(平衡正交设计下理论上必须一致)
anova_diagnostic,D_f,,,type_max_abs_diff,6.446018984427107e-14,,,,81.0,
anova_interaction,D_f,,precursor,SS,0.00029922747282284945,,,,81.0,
anova_interaction,D_f,,precursor,df,2.0,,,,81.0,
anova_interaction,D_f,,precursor,MS,0.00014961373641142472,,,,81.0,
anova_interaction,D_f,,precursor,F,38.978419328188096,,,,81.0,
anova_interaction,D_f,,precursor,p_parametric,8.799695656508172e-11,,,,81.0,
anova_interaction,D_f,,precursor,eta2,0.45940417038253967,,,,81.0,
anova_interaction,D_f,,precursor,omega2,0.44499566913585165,,,,81.0,
anova_interaction,D_f,,precursor,perm_p,0.0001999600079984003,,,,81.0,
anova_interaction,D_f,,T_C,SS,3.209249543090209e-05,,,,81.0,
anova_interaction,D_f,,T_C,df,2.0,,,,81.0,
anova_interaction,D_f,,T_C,MS,1.6046247715451045e-05,,,,81.0,
anova_interaction,D_f,,T_C,F,4.180480931088292,,,,81.0,
anova_interaction,D_f,,T_C,p_parametric,0.021198649354022953,,,,81.0,
anova_interaction,D_f,,T_C,eta2,0.04927163304843842,,,,81.0,
anova_interaction,D_f,,T_C,omega2,0.037265906931861055,,,,81.0,
anova_interaction,D_f,,T_C,perm_p,0.14377124575084982,,,,81.0,
anova_interaction,D_f,,beta,SS,2.6664788492780644e-06,,,,81.0,
anova_interaction,D_f,,beta,df,2.0,,,,81.0,
anova_interaction,D_f,,beta,MS,1.3332394246390322e-06,,,,81.0,
anova_interaction,D_f,,beta,F,0.34734488025582194,,,,81.0,
anova_interaction,D_f,,beta,p_parametric,0.7083227965305545,,,,81.0,
anova_interaction,D_f,,beta,eta2,0.004093847038972941,,,,81.0,
anova_interaction,D_f,,beta,omega2,0.0,,,,81.0,
anova_interaction,D_f,,beta,perm_p,0.854629074185163,,,,81.0,
anova_interaction,D_f,,t_hold,SS,5.039104473780753e-05,,,,81.0,
anova_interaction,D_f,,t_hold,df,2.0,,,,81.0,
anova_interaction,D_f,,t_hold,MS,2.5195522368903767e-05,,,,81.0,
anova_interaction,D_f,,t_hold,F,6.5641140956953,,,,81.0,
anova_interaction,D_f,,t_hold,p_parametric,0.003019856511532067,,,,81.0,
anova_interaction,D_f,,t_hold,eta2,0.07736540994745905,,,,81.0,
anova_interaction,D_f,,t_hold,omega2,0.06519509550320932,,,,81.0,
anova_interaction,D_f,,t_hold,perm_p,0.03979204159168166,,,,81.0,
anova_interaction,D_f,,precursor:T_C,SS,2.367362583299837e-05,,,,81.0,
anova_interaction,D_f,,precursor:T_C,df,4.0,,,,81.0,
anova_interaction,D_f,,precursor:T_C,MS,5.918406458249592e-06,,,,81.0,
anova_interaction,D_f,,precursor:T_C,F,1.5419047356048339,,,,81.0,
anova_interaction,D_f,,precursor:T_C,p_parametric,0.2051430204188936,,,,81.0,
anova_interaction,D_f,,precursor:T_C,eta2,0.03634613604544932,,,,81.0,
anova_interaction,D_f,,precursor:T_C,omega2,0.012699067770278608,,,,81.0,
anova_interaction,D_f,,precursor:T_C,perm_p,0.5840831833633273,,,,81.0,
anova_interaction,D_f,,precursor:beta,SS,8.661645452434641e-06,,,,81.0,
anova_interaction,D_f,,precursor:beta,df,4.0,,,,81.0,
anova_interaction,D_f,,precursor:beta,MS,2.1654113631086602e-06,,,,81.0,
anova_interaction,D_f,,precursor:beta,F,0.5641481467795727,,,,81.0,
anova_interaction,D_f,,precursor:beta,p_parametric,0.6898041778209189,,,,81.0,
anova_interaction,D_f,,precursor:beta,eta2,0.013298230960160608,,,,81.0,
anova_interaction,D_f,,precursor:beta,omega2,0.0,,,,81.0,
anova_interaction,D_f,,precursor:beta,perm_p,0.9080183963207359,,,,81.0,
anova_interaction,D_f,,precursor:t_hold,SS,1.5018614746509229e-05,,,,81.0,
anova_interaction,D_f,,precursor:t_hold,df,4.0,,,,81.0,
anova_interaction,D_f,,precursor:t_hold,MS,3.7546536866273073e-06,,,,81.0,
anova_interaction,D_f,,precursor:t_hold,F,0.9781886967051976,,,,81.0,
anova_interaction,D_f,,precursor:t_hold,p_parametric,0.4283034118780725,,,,81.0,
anova_interaction,D_f,,precursor:t_hold,eta2,0.023058090832454418,,,,81.0,
anova_interaction,D_f,,precursor:t_hold,omega2,0.0,,,,81.0,
anova_interaction,D_f,,precursor:t_hold,perm_p,0.7756448710257948,,,,81.0,
anova_interaction,D_f,,T_C:beta,SS,1.4129080312841324e-05,,,,81.0,
anova_interaction,D_f,,T_C:beta,df,4.0,,,,81.0,
anova_interaction,D_f,,T_C:beta,MS,3.532270078210331e-06,,,,81.0,
anova_interaction,D_f,,T_C:beta,F,0.9202517602413172,,,,81.0,
anova_interaction,D_f,,T_C:beta,p_parametric,0.4599616619986868,,,,81.0,
anova_interaction,D_f,,T_C:beta,eta2,0.021692387928671113,,,,81.0,
anova_interaction,D_f,,T_C:beta,omega2,0.0,,,,81.0,
anova_interaction,D_f,,T_C:beta,perm_p,0.7936412717456509,,,,81.0,
anova_interaction,D_f,,T_C:t_hold,SS,1.8674606494073487e-05,,,,81.0,
anova_interaction,D_f,,T_C:t_hold,df,4.0,,,,81.0,
anova_interaction,D_f,,T_C:t_hold,MS,4.668651623518372e-06,,,,81.0,
anova_interaction,D_f,,T_C:t_hold,F,1.2163098458974735,,,,81.0,
anova_interaction,D_f,,T_C:t_hold,p_parametric,0.31625674896121686,,,,81.0,
anova_interaction,D_f,,T_C:t_hold,eta2,0.02867113778924078,,,,81.0,
anova_interaction,D_f,,T_C:t_hold,omega2,0.005069033746982512,,,,81.0,
anova_interaction,D_f,,T_C:t_hold,perm_p,0.6962607478504299,,,,81.0,
anova_interaction,D_f,,beta:t_hold,SS,2.5611742699993556e-06,,,,81.0,
anova_interaction,D_f,,beta:t_hold,df,4.0,,,,81.0,
anova_interaction,D_f,,beta:t_hold,MS,6.402935674998389e-07,,,,81.0,
anova_interaction,D_f,,beta:t_hold,F,0.16681376834623607,,,,81.0,
anova_interaction,D_f,,beta:t_hold,p_parametric,0.9542181115431596,,,,81.0,
anova_interaction,D_f,,beta:t_hold,eta2,0.00393217283698662,,,,81.0,
anova_interaction,D_f,,beta:t_hold,omega2,0.0,,,,81.0,
anova_interaction,D_f,,beta:t_hold,perm_p,0.9888022395520896,,,,81.0,
anova_interaction,D_f,,Residual,SS,0.00018424193365262909,,,,81.0,
anova_interaction,D_f,,Residual,df,48.0,,,,81.0,
anova_interaction,D_f,,Residual,MS,3.838373617763106e-06,,,,81.0,
anova_interaction,D_f,,Residual,F,,,,,81.0,
anova_interaction,D_f,,Residual,p_parametric,,,,,81.0,
anova_interaction,D_f,,Residual,eta2,0.28286678318962705,,,,81.0,
anova_interaction,D_f,,Residual,omega2,,,,,81.0,
anova_interaction,D_f,,Residual,perm_p,,,,,81.0,
anova_diagnostic,solidity,,,type_agreement,1.0,,,,81.0,Type I/II/III SS 是否一致(平衡正交设计下理论上必须一致)
anova_diagnostic,solidity,,,type_max_abs_diff,3.1899829999737506e-14,,,,81.0,
anova_interaction,solidity,,precursor,SS,0.05904123861378707,,,,81.0,
anova_interaction,solidity,,precursor,df,2.0,,,,81.0,
anova_interaction,solidity,,precursor,MS,0.029520619306893536,,,,81.0,
anova_interaction,solidity,,precursor,F,112.88246739219603,,,,81.0,
anova_interaction,solidity,,precursor,p_parametric,7.123968660931742e-19,,,,81.0,
anova_interaction,solidity,,precursor,eta2,0.6594646462720215,,,,81.0,
anova_interaction,solidity,,precursor,omega2,0.651718913406497,,,,81.0,
anova_interaction,solidity,,precursor,perm_p,0.0001999600079984003,,,,81.0,
anova_interaction,solidity,,T_C,SS,0.008485356156661794,,,,81.0,
anova_interaction,solidity,,T_C,df,2.0,,,,81.0,
anova_interaction,solidity,,T_C,MS,0.004242678078330897,,,,81.0,
anova_interaction,solidity,,T_C,F,16.223371361349997,,,,81.0,
anova_interaction,solidity,,T_C,p_parametric,4.145591971708311e-06,,,,81.0,
anova_interaction,solidity,,T_C,eta2,0.09477769314680981,,,,81.0,
anova_interaction,solidity,,T_C,omega2,0.08867661996784525,,,,81.0,
anova_interaction,solidity,,T_C,perm_p,0.020395920815836834,,,,81.0,
anova_interaction,solidity,,beta,SS,0.00017310433790385105,,,,81.0,
anova_interaction,solidity,,beta,df,2.0,,,,81.0,
anova_interaction,solidity,,beta,MS,8.655216895192552e-05,,,,81.0,
anova_interaction,solidity,,beta,F,0.33096264979637713,,,,81.0,
anova_interaction,solidity,,beta,p_parametric,0.719857927868306,,,,81.0,
anova_interaction,solidity,,beta,eta2,0.001933499256522344,,,,81.0,
anova_interaction,solidity,,beta,omega2,0.0,,,,81.0,
anova_interaction,solidity,,beta,perm_p,0.9280143971205759,,,,81.0,
anova_interaction,solidity,,t_hold,SS,0.0021186801005015354,,,,81.0,
anova_interaction,solidity,,t_hold,df,2.0,,,,81.0,
anova_interaction,solidity,,t_hold,MS,0.0010593400502507677,,,,81.0,
anova_interaction,solidity,,t_hold,F,4.050759146904332,,,,81.0,
anova_interaction,solidity,,t_hold,p_parametric,0.02368094014804325,,,,81.0,
anova_interaction,solidity,,t_hold,eta2,0.023664724112250395,,,,81.0,
anova_interaction,solidity,,t_hold,omega2,0.017770768580887632,,,,81.0,
anova_interaction,solidity,,t_hold,perm_p,0.395120975804839,,,,81.0,
anova_interaction,solidity,,precursor:T_C,SS,0.0011841277307382825,,,,81.0,
anova_interaction,solidity,,precursor:T_C,df,4.0,,,,81.0,
anova_interaction,solidity,,precursor:T_C,MS,0.0002960319326845706,,,,81.0,
anova_interaction,solidity,,precursor:T_C,F,1.131982179673021,,,,81.0,
anova_interaction,solidity,,precursor:T_C,p_parametric,0.35268990769906744,,,,81.0,
anova_interaction,solidity,,precursor:T_C,eta2,0.013226185517555564,,,,81.0,
anova_interaction,solidity,,precursor:T_C,omega2,0.0015376007471126264,,,,81.0,
anova_interaction,solidity,,precursor:T_C,perm_p,0.9024195160967806,,,,81.0,
anova_interaction,solidity,,precursor:beta,SS,0.0012701294687431641,,,,81.0,
anova_interaction,solidity,,precursor:beta,df,4.0,,,,81.0,
anova_interaction,solidity,,precursor:beta,MS,0.00031753236718579103,,,,81.0,
anova_interaction,solidity,,precursor:beta,F,1.2141966505576245,,,,81.0,
anova_interaction,solidity,,precursor:beta,p_parametric,0.31712800311807343,,,,81.0,
anova_interaction,solidity,,precursor:beta,eta2,0.014186787074429483,,,,81.0,
anova_interaction,solidity,,precursor:beta,omega2,0.0024954045367516302,,,,81.0,
anova_interaction,solidity,,precursor:beta,perm_p,0.8994201159768046,,,,81.0,
anova_interaction,solidity,,precursor:t_hold,SS,0.0011556237078664822,,,,81.0,
anova_interaction,solidity,,precursor:t_hold,df,4.0,,,,81.0,
anova_interaction,solidity,,precursor:t_hold,MS,0.00028890592696662054,,,,81.0,
anova_interaction,solidity,,precursor:t_hold,F,1.1047333913013875,,,,81.0,
anova_interaction,solidity,,precursor:t_hold,p_parametric,0.36520891929209265,,,,81.0,
anova_interaction,solidity,,precursor:t_hold,eta2,0.01290780812910945,,,,81.0,
anova_interaction,solidity,,precursor:t_hold,omega2,0.001220150637848352,,,,81.0,
anova_interaction,solidity,,precursor:t_hold,perm_p,0.910617876424715,,,,81.0,
anova_interaction,solidity,,T_C:beta,SS,0.0016087169104679333,,,,81.0,
anova_interaction,solidity,,T_C:beta,df,4.0,,,,81.0,
anova_interaction,solidity,,T_C:beta,MS,0.0004021792276169833,,,,81.0,
anova_interaction,solidity,,T_C:beta,F,1.5378736833170474,,,,81.0,
anova_interaction,solidity,,T_C:beta,p_parametric,0.20626353264099226,,,,81.0,
anova_interaction,solidity,,T_C:beta,eta2,0.017968659757517682,,,,81.0,
anova_interaction,solidity,,T_C:beta,omega2,0.006266262455806141,,,,81.0,
anova_interaction,solidity,,T_C:beta,perm_p,0.8514297140571886,,,,81.0,
anova_interaction,solidity,,T_C:t_hold,SS,0.0016797597834212752,,,,81.0,
anova_interaction,solidity,,T_C:t_hold,df,4.0,,,,81.0,
anova_interaction,solidity,,T_C:t_hold,MS,0.0004199399458553188,,,,81.0,
anova_interaction,solidity,,T_C:t_hold,F,1.6057880341834168,,,,81.0,
anova_interaction,solidity,,T_C:t_hold,p_parametric,0.18813412002146163,,,,81.0,
anova_interaction,solidity,,T_C:t_hold,eta2,0.018762177376427925,,,,81.0,
anova_interaction,solidity,,T_C:t_hold,omega2,0.007057468942094718,,,,81.0,
anova_interaction,solidity,,T_C:t_hold,perm_p,0.8372325534893021,,,,81.0,
anova_interaction,solidity,,beta:t_hold,SS,0.00025951770456345,,,,81.0,
anova_interaction,solidity,,beta:t_hold,df,4.0,,,,81.0,
anova_interaction,solidity,,beta:t_hold,MS,6.48794261408625e-05,,,,81.0,
anova_interaction,solidity,,beta:t_hold,F,0.24808929750535721,,,,81.0,
anova_interaction,solidity,,beta:t_hold,p_parametric,0.9094230560289158,,,,81.0,
anova_interaction,solidity,,beta:t_hold,eta2,0.00289869852427686,,,,81.0,
anova_interaction,solidity,,beta:t_hold,omega2,0.0,,,,81.0,
anova_interaction,solidity,,beta:t_hold,perm_p,0.9942011597680463,,,,81.0,
anova_interaction,solidity,,Residual,SS,0.012552788395453263,,,,81.0,
anova_interaction,solidity,,Residual,df,48.0,,,,81.0,
anova_interaction,solidity,,Residual,MS,0.0002615164249052763,,,,81.0,
anova_interaction,solidity,,Residual,F,,,,,81.0,
anova_interaction,solidity,,Residual,p_parametric,,,,,81.0,
anova_interaction,solidity,,Residual,eta2,0.14020912083307902,,,,81.0,
anova_interaction,solidity,,Residual,omega2,,,,,81.0,
anova_interaction,solidity,,Residual,perm_p,,,,,81.0,
anova_diagnostic,elongation,,,type_agreement,1.0,,,,81.0,Type I/II/III SS 是否一致(平衡正交设计下理论上必须一致)
anova_diagnostic,elongation,,,type_max_abs_diff,3.7409515047347186e-15,,,,81.0,
anova_interaction,elongation,,precursor,SS,0.10661271243490589,,,,81.0,
anova_interaction,elongation,,precursor,df,2.0,,,,81.0,
anova_interaction,elongation,,precursor,MS,0.053306356217452944,,,,81.0,
anova_interaction,elongation,,precursor,F,218.32729648796274,,,,81.0,
anova_interaction,elongation,,precursor,p_parametric,7.932566278692593e-25,,,,81.0,
anova_interaction,elongation,,precursor,eta2,0.8349766208720927,,,,81.0,
anova_interaction,elongation,,precursor,omega2,0.8295658879914692,,,,81.0,
anova_interaction,elongation,,precursor,perm_p,0.0001999600079984003,,,,81.0,
anova_interaction,elongation,,T_C,SS,4.607468530437586e-05,,,,81.0,
anova_interaction,elongation,,T_C,df,2.0,,,,81.0,
anova_interaction,elongation,,T_C,MS,2.303734265218793e-05,,,,81.0,
anova_interaction,elongation,,T_C,F,0.09435424021483323,,,,81.0,
anova_interaction,elongation,,T_C,p_parametric,0.9101287085352453,,,,81.0,
anova_interaction,elongation,,T_C,eta2,0.0003608508231762895,,,,81.0,
anova_interaction,elongation,,T_C,omega2,0.0,,,,81.0,
anova_interaction,elongation,,T_C,perm_p,0.9858028394321136,,,,81.0,
anova_interaction,elongation,,beta,SS,0.0005849601172691621,,,,81.0,
anova_interaction,elongation,,beta,df,2.0,,,,81.0,
anova_interaction,elongation,,beta,MS,0.00029248005863458104,,,,81.0,
anova_interaction,elongation,,beta,F,1.1979130634598092,,,,81.0,
anova_interaction,elongation,,beta,p_parametric,0.3106848268483973,,,,81.0,
anova_interaction,elongation,,beta,eta2,0.004581330039422509,,,,81.0,
anova_interaction,elongation,,beta,omega2,0.0007554592952075039,,,,81.0,
anova_interaction,elongation,,beta,perm_p,0.8390321935612878,,,,81.0,
anova_interaction,elongation,,t_hold,SS,0.0008295890357388203,,,,81.0,
anova_interaction,elongation,,t_hold,df,2.0,,,,81.0,
anova_interaction,elongation,,t_hold,MS,0.00041479451786941013,,,,81.0,
anova_interaction,elongation,,t_hold,F,1.6988774343350417,,,,81.0,
anova_interaction,elongation,,t_hold,p_parametric,0.1937002255705973,,,,81.0,
anova_interaction,elongation,,t_hold,eta2,0.0064972312771487675,,,,81.0,
anova_interaction,elongation,,t_hold,omega2,0.0026677039137762456,,,,81.0,
anova_interaction,elongation,,t_hold,perm_p,0.7796440711857628,,,,81.0,
anova_interaction,elongation,,precursor:T_C,SS,0.0021917768258052917,,,,81.0,
anova_interaction,elongation,,precursor:T_C,df,4.0,,,,81.0,
anova_interaction,elongation,,precursor:T_C,MS,0.0005479442064513229,,,,81.0,
anova_interaction,elongation,,precursor:T_C,F,2.2442197461921287,,,,81.0,
anova_interaction,elongation,,precursor:T_C,p_parametric,0.07808460667304926,,,,81.0,
anova_interaction,elongation,,precursor:T_C,eta2,0.017165705345261243,,,,81.0,
anova_interaction,elongation,,precursor:T_C,omega2,0.009498689536807105,,,,81.0,
anova_interaction,elongation,,precursor:T_C,perm_p,0.8594281143771246,,,,81.0,
anova_interaction,elongation,,precursor:beta,SS,0.0012215214883575243,,,,81.0,
anova_interaction,elongation,,precursor:beta,df,4.0,,,,81.0,
anova_interaction,elongation,,precursor:beta,MS,0.00030538037208938107,,,,81.0,
anova_interaction,elongation,,precursor:beta,F,1.250748986983534,,,,81.0,
anova_interaction,elongation,,precursor:beta,p_parametric,0.30235233217389357,,,,81.0,
anova_interaction,elongation,,precursor:beta,eta2,0.009566794253491646,,,,81.0,
anova_interaction,elongation,,precursor:beta,omega2,0.0019142814493298419,,,,81.0,
anova_interaction,elongation,,precursor:beta,perm_p,0.9458108378324335,,,,81.0,
anova_interaction,elongation,,precursor:t_hold,SS,0.0008652448229948817,,,,81.0,
anova_interaction,elongation,,precursor:t_hold,df,4.0,,,,81.0,
anova_interaction,elongation,,precursor:t_hold,MS,0.00021631120574872043,,,,81.0,
anova_interaction,elongation,,precursor:t_hold,F,0.8859476449397079,,,,81.0,
anova_interaction,elongation,,precursor:t_hold,p_parametric,0.47952903144075587,,,,81.0,
anova_interaction,elongation,,precursor:t_hold,eta2,0.006776482672949977,,,,81.0,
anova_interaction,elongation,,precursor:t_hold,omega2,0.0,,,,81.0,
anova_interaction,elongation,,precursor:t_hold,perm_p,0.9746050789842031,,,,81.0,
anova_interaction,elongation,,T_C:beta,SS,0.0015084356033252533,,,,81.0,
anova_interaction,elongation,,T_C:beta,df,4.0,,,,81.0,
anova_interaction,elongation,,T_C:beta,MS,0.0003771089008313133,,,,81.0,
anova_interaction,elongation,,T_C:beta,F,1.5445281321459243,,,,81.0,
anova_interaction,elongation,,T_C:beta,p_parametric,0.20441687303559297,,,,81.0,
anova_interaction,elongation,,T_C:beta,eta2,0.01181386754076527,,,,81.0,
anova_interaction,elongation,,T_C:beta,omega2,0.004157066054562454,,,,81.0,
anova_interaction,elongation,,T_C:beta,perm_p,0.9182163567286543,,,,81.0,
anova_interaction,elongation,,T_C:t_hold,SS,0.001978061623326255,,,,81.0,
anova_interaction,elongation,,T_C:t_hold,df,4.0,,,,81.0,
anova_interaction,elongation,,T_C:t_hold,MS,0.0004945154058315637,,,,81.0,
anova_interaction,elongation,,T_C:t_hold,F,2.025390953124348,,,,81.0,
anova_interaction,elongation,,T_C:t_hold,p_parametric,0.10575259203406702,,,,81.0,
anova_interaction,elongation,,T_C:t_hold,eta2,0.015491916230254015,,,,81.0,
anova_interaction,elongation,,T_C:t_hold,omega2,0.007828094954598887,,,,81.0,
anova_interaction,elongation,,T_C:t_hold,perm_p,0.8794241151769646,,,,81.0,
anova_interaction,elongation,,beta:t_hold,SS,0.00012550946288847342,,,,81.0,
anova_interaction,elongation,,beta:t_hold,df,4.0,,,,81.0,
anova_interaction,elongation,,beta:t_hold,MS,3.1377365722118356e-05,,,,81.0,
anova_interaction,elongation,,beta:t_hold,F,0.12851254362760683,,,,81.0,
anova_interaction,elongation,,beta:t_hold,p_parametric,0.9713391790017463,,,,81.0,
anova_interaction,elongation,,beta:t_hold,eta2,0.000982973463639007,,,,81.0,
anova_interaction,elongation,,beta:t_hold,omega2,0.0,,,,81.0,
anova_interaction,elongation,,beta:t_hold,perm_p,0.9994001199760048,,,,81.0,
anova_interaction,elongation,,Residual,SS,0.011719584035516206,,,,81.0,
anova_interaction,elongation,,Residual,df,48.0,,,,81.0,
anova_interaction,elongation,,Residual,MS,0.00024415800073992094,,,,81.0,
anova_interaction,elongation,,Residual,F,,,,,81.0,
anova_interaction,elongation,,Residual,p_parametric,,,,,81.0,
anova_interaction,elongation,,Residual,eta2,0.09178622748179856,,,,81.0,
anova_interaction,elongation,,Residual,omega2,,,,,81.0,
anova_interaction,elongation,,Residual,perm_p,,,,,81.0,
anova_diagnostic,roughness,,,type_agreement,1.0,,,,81.0,Type I/II/III SS 是否一致(平衡正交设计下理论上必须一致)
anova_diagnostic,roughness,,,type_max_abs_diff,1.9312329513354598e-13,,,,81.0,
anova_interaction,roughness,,precursor,SS,0.3439896272303713,,,,81.0,
anova_interaction,roughness,,precursor,df,2.0,,,,81.0,
anova_interaction,roughness,,precursor,MS,0.17199481361518565,,,,81.0,
anova_interaction,roughness,,precursor,F,173.1891221025403,,,,81.0,
anova_interaction,roughness,,precursor,p_parametric,1.1165519055548744e-22,,,,81.0,
anova_interaction,roughness,,precursor,eta2,0.6878830711646721,,,,81.0,
anova_interaction,roughness,,precursor,omega2,0.6825557023533314,,,,81.0,
anova_interaction,roughness,,precursor,perm_p,0.0001999600079984003,,,,81.0,
anova_interaction,roughness,,T_C,SS,0.07524379931032854,,,,81.0,
anova_interaction,roughness,,T_C,df,2.0,,,,81.0,
anova_interaction,roughness,,T_C,MS,0.03762189965516427,,,,81.0,
anova_interaction,roughness,,T_C,F,37.88314098636567,,,,81.0,
anova_interaction,roughness,,T_C,p_parametric,1.340705608376427e-10,,,,81.0,
anova_interaction,roughness,,T_C,eta2,0.15046655962397337,,,,81.0,
anova_interaction,roughness,,T_C,omega2,0.14620434725228418,,,,81.0,
anova_interaction,roughness,,T_C,perm_p,0.0021995600879824036,,,,81.0,
anova_interaction,roughness,,beta,SS,0.0012571959498473007,,,,81.0,
anova_interaction,roughness,,beta,df,2.0,,,,81.0,
anova_interaction,roughness,,beta,MS,0.0006285979749236503,,,,81.0,
anova_interaction,roughness,,beta,F,0.6329628733807918,,,,81.0,
anova_interaction,roughness,,beta,p_parametric,0.535389865704669,,,,81.0,
anova_interaction,roughness,,beta,eta2,0.0025140403738325096,,,,81.0,
anova_interaction,roughness,,beta,omega2,0.0,,,,81.0,
anova_interaction,roughness,,beta,perm_p,0.9080183963207359,,,,81.0,
anova_interaction,roughness,,t_hold,SS,0.00682725878843371,,,,81.0,
anova_interaction,roughness,,t_hold,df,2.0,,,,81.0,
anova_interaction,roughness,,t_hold,MS,0.003413629394216855,,,,81.0,
anova_interaction,roughness,,t_hold,F,3.4373331703511636,,,,81.0,
anova_interaction,roughness,,t_hold,p_parametric,0.040259119763131644,,,,81.0,
anova_interaction,roughness,,t_hold,eta2,0.013652608599964004,,,,81.0,
anova_interaction,roughness,,t_hold,omega2,0.009661560693522852,,,,81.0,
anova_interaction,roughness,,t_hold,perm_p,0.5880823835232953,,,,81.0,
anova_interaction,roughness,,precursor:T_C,SS,0.009034954876540269,,,,81.0,
anova_interaction,roughness,,precursor:T_C,df,4.0,,,,81.0,
anova_interaction,roughness,,precursor:T_C,MS,0.002258738719135067,,,,81.0,
anova_interaction,roughness,,precursor:T_C,F,2.2744230922058457,,,,81.0,
anova_interaction,roughness,,precursor:T_C,p_parametric,0.07487837973611303,,,,81.0,
anova_interaction,roughness,,precursor:T_C,eta2,0.018067383479986578,,,,81.0,
anova_interaction,roughness,,precursor:T_C,omega2,0.010103597000487085,,,,81.0,
anova_interaction,roughness,,precursor:T_C,perm_p,0.8342331533693261,,,,81.0,
anova_interaction,roughness,,precursor:beta,SS,0.0009277567942547194,,,,81.0,
anova_interaction,roughness,,precursor:beta,df,4.0,,,,81.0,
anova_interaction,roughness,,precursor:beta,MS,0.00023193919856367984,,,,81.0,
anova_interaction,roughness,,precursor:beta,F,0.2335497526703554,,,,81.0,
anova_interaction,roughness,,precursor:beta,p_parametric,0.9181250991851625,,,,81.0,
anova_interaction,roughness,,precursor:beta,eta2,0.0018552541774709674,,,,81.0,
anova_interaction,roughness,,precursor:beta,omega2,0.0,,,,81.0,
anova_interaction,roughness,,precursor:beta,perm_p,0.9974005198960207,,,,81.0,
anova_interaction,roughness,,precursor:t_hold,SS,0.005719105513037448,,,,81.0,
anova_interaction,roughness,,precursor:t_hold,df,4.0,,,,81.0,
anova_interaction,roughness,,precursor:t_hold,MS,0.001429776378259362,,,,81.0,
anova_interaction,roughness,,precursor:t_hold,F,1.4397045500901409,,,,81.0,
anova_interaction,roughness,,precursor:t_hold,p_parametric,0.23538634687779533,,,,81.0,
anova_interaction,roughness,,precursor:t_hold,eta2,0.011436611901056947,,,,81.0,
anova_interaction,roughness,,precursor:t_hold,omega2,0.0034859675727483596,,,,81.0,
anova_interaction,roughness,,precursor:t_hold,perm_p,0.9248150369926015,,,,81.0,
anova_interaction,roughness,,T_C:beta,SS,0.006860503642457161,,,,81.0,
anova_interaction,roughness,,T_C:beta,df,4.0,,,,81.0,
anova_interaction,roughness,,T_C:beta,MS,0.0017151259106142902,,,,81.0,
anova_interaction,roughness,,T_C:beta,F,1.727035510612529,,,,81.0,
anova_interaction,roughness,,T_C:beta,p_parametric,0.15947048152892618,,,,81.0,
anova_interaction,roughness,,T_C:beta,eta2,0.013719089012382828,,,,81.0,
anova_interaction,roughness,,T_C:beta,omega2,0.005763920827547174,,,,81.0,
anova_interaction,roughness,,T_C:beta,perm_p,0.9008198360327935,,,,81.0,
anova_interaction,roughness,,T_C:t_hold,SS,0.0012598226801401324,,,,81.0,
anova_interaction,roughness,,T_C:t_hold,df,4.0,,,,81.0,
anova_interaction,roughness,,T_C:t_hold,MS,0.0003149556700350331,,,,81.0,
anova_interaction,roughness,,T_C:t_hold,F,0.31714267917767447,,,,81.0,
anova_interaction,roughness,,T_C:t_hold,p_parametric,0.8651206331248504,,,,81.0,
anova_interaction,roughness,,T_C:t_hold,eta2,0.0025192930999553944,,,,81.0,
anova_interaction,roughness,,T_C:t_hold,omega2,0.0,,,,81.0,
anova_interaction,roughness,,T_C:t_hold,perm_p,0.9954009198160368,,,,81.0,
anova_interaction,roughness,,beta:t_hold,SS,0.0012808947226687906,,,,81.0,
anova_interaction,roughness,,beta:t_hold,df,4.0,,,,81.0,
anova_interaction,roughness,,beta:t_hold,MS,0.00032022368066719764,,,,81.0,
anova_interaction,roughness,,beta:t_hold,F,0.3224472701559391,,,,81.0,
anova_interaction,roughness,,beta:t_hold,p_parametric,0.8615534136058445,,,,81.0,
anova_interaction,roughness,,beta:t_hold,eta2,0.002561431293037067,,,,81.0,
anova_interaction,roughness,,beta:t_hold,omega2,0.0,,,,81.0,
anova_interaction,roughness,,beta:t_hold,perm_p,0.9964007198560288,,,,81.0,
anova_interaction,roughness,,Residual,SS,0.047668993025098416,,,,81.0,
anova_interaction,roughness,,Residual,df,48.0,,,,81.0,
anova_interaction,roughness,,Residual,MS,0.000993104021356217,,,,81.0,
anova_interaction,roughness,,Residual,F,,,,,81.0,
anova_interaction,roughness,,Residual,p_parametric,,,,,81.0,
anova_interaction,roughness,,Residual,eta2,0.09532465727366822,,,,81.0,
anova_interaction,roughness,,Residual,omega2,,,,,81.0,
anova_interaction,roughness,,Residual,perm_p,,,,,81.0,
spearman_theta,D_f,S,,rho,0.6886446886446885,0.37951382037812204,0.8706805568637332,0.12597260385628542,27.0,"n_boot=5000, 重采样单位=条件(该组内退化为逐样本,见代码注释)"
spearman_theta,D_f,S,,p_value_asymptotic,7.14781852244103e-05,,,,27.0,
spearman_theta,D_f,S,,paper_reference_rho,0.695,,,,27.0,paper_p=<0.001
spearman_theta,D_f,S,,diff_vs_paper_reference,-0.0063553113553114216,,,,27.0,重算值-参考值; |diff|<0.01 视为精确复现
spearman_theta,D_f,S,,ci_excludes_zero,1.0,,,,27.0,"CI 是否跨零(跨零=不能排除'无效应';不跨零=有方向性证据,即便渐近 p 值不显著)"
spearman_theta,D_f,M,,rho,-0.006715506715506716,-0.39141570860682956,0.38720619021244623,0.2005903610970034,27.0,"n_boot=5000, 重采样单位=条件(该组内退化为逐样本,见代码注释)"
spearman_theta,D_f,M,,p_value_asymptotic,0.97348009342336,,,,27.0,
spearman_theta,D_f,M,,paper_reference_rho,0.02,,,,27.0,paper_p=0.92
spearman_theta,D_f,M,,diff_vs_paper_reference,-0.026715506715506716,,,,27.0,重算值-参考值; |diff|<0.01 视为精确复现
spearman_theta,D_f,M,,ci_excludes_zero,0.0,,,,27.0,"CI 是否跨零(跨零=不能排除'无效应';不跨零=有方向性证据,即便渐近 p 值不显著)"
spearman_theta,D_f,L,,rho,0.17338217338217338,-0.2814067860609824,0.5848211659153479,0.22348805018627205,27.0,"n_boot=5000, 重采样单位=条件(该组内退化为逐样本,见代码注释)"
spearman_theta,D_f,L,,p_value_asymptotic,0.3871116831528667,,,,27.0,
spearman_theta,D_f,L,,paper_reference_rho,0.189,,,,27.0,paper_p=0.35
spearman_theta,D_f,L,,diff_vs_paper_reference,-0.015617826617826625,,,,27.0,重算值-参考值; |diff|<0.01 视为精确复现
spearman_theta,D_f,L,,ci_excludes_zero,0.0,,,,27.0,"CI 是否跨零(跨零=不能排除'无效应';不跨零=有方向性证据,即便渐近 p 值不显著)"
spearman_theta,solidity,S,,rho,-0.6929181929181929,-0.8383001531393568,-0.3883541109848721,0.11671300352190461,27.0,"n_boot=5000, 重采样单位=条件(该组内退化为逐样本,见代码注释)"
spearman_theta,solidity,S,,p_value_asymptotic,6.173555417985395e-05,,,,27.0,
spearman_theta,solidity,S,,paper_reference_rho,-0.669,,,,27.0,paper_p=<0.001
spearman_theta,solidity,S,,diff_vs_paper_reference,-0.02391819291819286,,,,27.0,重算值-参考值; |diff|<0.01 视为精确复现
spearman_theta,solidity,S,,ci_excludes_zero,1.0,,,,27.0,"CI 是否跨零(跨零=不能排除'无效应';不跨零=有方向性证据,即便渐近 p 值不显著)"
spearman_theta,solidity,M,,rho,-0.14774114774114774,-0.5336125112506601,0.2930464289313453,0.21007800412595498,27.0,"n_boot=5000, 重采样单位=条件(该组内退化为逐样本,见代码注释)"
spearman_theta,solidity,M,,p_value_asymptotic,0.4620898129151345,,,,27.0,
spearman_theta,solidity,M,,paper_reference_rho,-0.15,,,,27.0,paper_p=0.46
spearman_theta,solidity,M,,diff_vs_paper_reference,0.002258852258852251,,,,27.0,重算值-参考值; |diff|<0.01 视为精确复现
spearman_theta,solidity,M,,ci_excludes_zero,0.0,,,,27.0,"CI 是否跨零(跨零=不能排除'无效应';不跨零=有方向性证据,即便渐近 p 值不显著)"
spearman_theta,solidity,L,,rho,-0.3992673992673993,-0.7184846348329152,0.029732710322493677,0.19366432030211223,27.0,"n_boot=5000, 重采样单位=条件(该组内退化为逐样本,见代码注释)"
spearman_theta,solidity,L,,p_value_asymptotic,0.039095211600458306,,,,27.0,
spearman_theta,solidity,L,,paper_reference_rho,-0.407,,,,27.0,paper_p=0.035
spearman_theta,solidity,L,,diff_vs_paper_reference,0.007732600732600681,,,,27.0,重算值-参考值; |diff|<0.01 视为精确复现
spearman_theta,solidity,L,,ci_excludes_zero,0.0,,,,27.0,"CI 是否跨零(跨零=不能排除'无效应';不跨零=有方向性证据,即便渐近 p 值不显著)"
spearman_theta,elongation,S,,rho,-0.489010989010989,-0.7593969372128638,-0.1476086423536635,0.15944793100653623,27.0,"n_boot=5000, 重采样单位=条件(该组内退化为逐样本,见代码注释)"
spearman_theta,elongation,S,,p_value_asymptotic,0.009640058727857632,,,,27.0,
spearman_theta,elongation,S,,paper_reference_rho,-0.524,,,,27.0,paper_p=0.005
spearman_theta,elongation,S,,diff_vs_paper_reference,0.03498901098901103,,,,27.0,重算值-参考值; |diff|<0.01 视为精确复现
spearman_theta,elongation,S,,ci_excludes_zero,1.0,,,,27.0,"CI 是否跨零(跨零=不能排除'无效应';不跨零=有方向性证据,即便渐近 p 值不显著)"
spearman_theta,elongation,M,,rho,-0.017094017094017096,-0.37750559158468283,0.33743216433490836,0.1828453119891002,27.0,"n_boot=5000, 重采样单位=条件(该组内退化为逐样本,见代码注释)"
spearman_theta,elongation,M,,p_value_asymptotic,0.9325586703860712,,,,27.0,
spearman_theta,elongation,M,,ci_excludes_zero,0.0,,,,27.0,"CI 是否跨零(跨零=不能排除'无效应';不跨零=有方向性证据,即便渐近 p 值不显著)"
spearman_theta,elongation,L,,rho,0.2564102564102564,-0.14251346330364817,0.6006156710100048,0.18964622385045313,27.0,"n_boot=5000, 重采样单位=条件(该组内退化为逐样本,见代码注释)"
spearman_theta,elongation,L,,p_value_asymptotic,0.19669915144498626,,,,27.0,
spearman_theta,elongation,L,,ci_excludes_zero,0.0,,,,27.0,"CI 是否跨零(跨零=不能排除'无效应';不跨零=有方向性证据,即便渐近 p 值不显著)"
spearman_theta,roughness,S,,rho,0.6758241758241758,0.3932299111247319,0.8124439741035856,0.10718564885626426,27.0,"n_boot=5000, 重采样单位=条件(该组内退化为逐样本,见代码注释)"
spearman_theta,roughness,S,,p_value_asymptotic,0.00010937521441739245,,,,27.0,
spearman_theta,roughness,S,,paper_reference_rho,0.682,,,,27.0,paper_p=<0.005
spearman_theta,roughness,S,,diff_vs_paper_reference,-0.006175824175824296,,,,27.0,重算值-参考值; |diff|<0.01 视为精确复现
spearman_theta,roughness,S,,ci_excludes_zero,1.0,,,,27.0,"CI 是否跨零(跨零=不能排除'无效应';不跨零=有方向性证据,即便渐近 p 值不显著)"
spearman_theta,roughness,M,,rho,0.5622710622710623,0.2351102768542486,0.7682876165985756,0.13618349870802265,27.0,"n_boot=5000, 重采样单位=条件(该组内退化为逐样本,见代码注释)"
spearman_theta,roughness,M,,p_value_asymptotic,0.0022687625787165084,,,,27.0,
spearman_theta,roughness,M,,paper_reference_rho,0.546,,,,27.0,paper_p=<0.005
spearman_theta,roughness,M,,diff_vs_paper_reference,0.01627106227106223,,,,27.0,重算值-参考值; |diff|<0.01 视为精确复现
spearman_theta,roughness,M,,ci_excludes_zero,1.0,,,,27.0,"CI 是否跨零(跨零=不能排除'无效应';不跨零=有方向性证据,即便渐近 p 值不显著)"
spearman_theta,roughness,L,,rho,0.5335775335775336,0.1474081011329872,0.7928969114045985,0.16618877824534117,27.0,"n_boot=5000, 重采样单位=条件(该组内退化为逐样本,见代码注释)"
spearman_theta,roughness,L,,p_value_asymptotic,0.004153751727277816,,,,27.0,
spearman_theta,roughness,L,,paper_reference_rho,0.535,,,,27.0,paper_p=<0.005
spearman_theta,roughness,L,,diff_vs_paper_reference,-0.0014224664224664618,,,,27.0,重算值-参考值; |diff|<0.01 视为精确复现
spearman_theta,roughness,L,,ci_excludes_zero,1.0,,,,27.0,"CI 是否跨零(跨零=不能排除'无效应';不跨零=有方向性证据,即便渐近 p 值不显著)"
causal_baseline,circularity,,,spearman_zero_order,-0.6266964957224316,,,,81.0,不控制任何变量的全局 Spearman(对照基线)
causal_baseline,circularity,S,,spearman_within_group,-0.2219167619785609,,,,27.0,
causal_baseline,circularity,M,,spearman_within_group,0.2467894062614493,,,,27.0,
causal_baseline,circularity,L,,spearman_within_group,-0.25057591533981816,,,,27.0,
causal_baseline,circularity,,,max_p_within_group,0.26592660221052744,,,,,"论文表述'组内相关均不显著'对应的最大 p(复核用,非本节主结论)"
partial_corr,circularity,Theta_only,,partial_r,-0.771479432815587,-0.8520010717683703,-0.6893849574585381,,81.0,"控制变量=['Theta']; bootstrap 单位=condition_id(27块); n_boot=5000(失败0次,已跳过)"
partial_corr,circularity,Theta_only,,slope_gcm3_per_sd,-0.09980180245642357,-0.11272473782696273,-0.08574399886898453,,81.0,每 1 SD 标准化形状描述子残差对应的 compaction_density 变化(g/cm3)
tost,circularity,Theta_only,primary_5pct,delta_gcm3,0.026,,,,81.0,
tost,circularity,Theta_only,primary_5pct,p_tost,1.0,,,,81.0,
tost,circularity,Theta_only,primary_5pct,ci90_low,-0.11081922159097587,,,,81.0,
tost,circularity,Theta_only,primary_5pct,ci90_high,-0.08806599983400394,,,,81.0,
tost,circularity,Theta_only,primary_5pct,equivalent_at_alpha05,0.0,,,,81.0,"True=90%CI完全落在[-delta,+delta]内,拒绝'存在≥delta的效应'"
tost,circularity,Theta_only,sensitivity_4pct,delta_gcm3,0.0208,,,,81.0,
tost,circularity,Theta_only,sensitivity_4pct,p_tost,1.0,,,,81.0,
tost,circularity,Theta_only,sensitivity_4pct,ci90_low,-0.11081922159097587,,,,81.0,
tost,circularity,Theta_only,sensitivity_4pct,ci90_high,-0.08806599983400394,,,,81.0,
tost,circularity,Theta_only,sensitivity_4pct,equivalent_at_alpha05,0.0,,,,81.0,"True=90%CI完全落在[-delta,+delta]内,拒绝'存在≥delta的效应'"
partial_corr,circularity,Theta_plus_precursor,,partial_r,-0.319109494876764,-0.592529660997091,0.0942882853891812,,81.0,"控制变量=['Theta', 'precursor']; bootstrap 单位=condition_id(27块); n_boot=5000(失败0次,已跳过)"
partial_corr,circularity,Theta_plus_precursor,,slope_gcm3_per_sd,-0.023538635500620693,-0.04558789569782845,0.005879933990432752,,81.0,每 1 SD 标准化形状描述子残差对应的 compaction_density 变化(g/cm3)
tost,circularity,Theta_plus_precursor,primary_5pct,delta_gcm3,0.026,,,,81.0,
tost,circularity,Theta_plus_precursor,primary_5pct,p_tost,0.3874,,,,81.0,
tost,circularity,Theta_plus_precursor,primary_5pct,ci90_low,-0.041975747546964357,,,,81.0,
tost,circularity,Theta_plus_precursor,primary_5pct,ci90_high,0.0016501500305031564,,,,81.0,
tost,circularity,Theta_plus_precursor,primary_5pct,equivalent_at_alpha05,0.0,,,,81.0,"True=90%CI完全落在[-delta,+delta]内,拒绝'存在≥delta的效应'"
tost,circularity,Theta_plus_precursor,sensitivity_4pct,delta_gcm3,0.0208,,,,81.0,
tost,circularity,Theta_plus_precursor,sensitivity_4pct,p_tost,0.5526,,,,81.0,
tost,circularity,Theta_plus_precursor,sensitivity_4pct,ci90_low,-0.041975747546964357,,,,81.0,
tost,circularity,Theta_plus_precursor,sensitivity_4pct,ci90_high,0.0016501500305031564,,,,81.0,
tost,circularity,Theta_plus_precursor,sensitivity_4pct,equivalent_at_alpha05,0.0,,,,81.0,"True=90%CI完全落在[-delta,+delta]内,拒绝'存在≥delta的效应'"
causal_baseline,D_f,,,spearman_zero_order,0.11654371744403662,,,,81.0,不控制任何变量的全局 Spearman(对照基线)
causal_baseline,D_f,S,,spearman_within_group,0.24392503589379005,,,,27.0,
causal_baseline,D_f,M,,spearman_within_group,-0.2070339876567549,,,,27.0,
causal_baseline,D_f,L,,spearman_within_group,0.24628732999170388,,,,27.0,
causal_baseline,D_f,,,max_p_within_group,0.30012937603832207,,,,,"论文表述'组内相关均不显著'对应的最大 p(复核用,非本节主结论)"
partial_corr,D_f,Theta_only,,partial_r,0.08401756718009047,-0.07816254970829026,0.2449328375482334,,81.0,"控制变量=['Theta']; bootstrap 单位=condition_id(27块); n_boot=5000(失败0次,已跳过)"
partial_corr,D_f,Theta_only,,slope_gcm3_per_sd,0.010868863492542444,-0.010122061681085747,0.031098653471452183,,81.0,每 1 SD 标准化形状描述子残差对应的 compaction_density 变化(g/cm3)
tost,D_f,Theta_only,primary_5pct,delta_gcm3,0.026,,,,81.0,
tost,D_f,Theta_only,primary_5pct,p_tost,0.07,,,,81.0,
tost,D_f,Theta_only,primary_5pct,ci90_low,-0.006588103061418315,,,,81.0,
tost,D_f,Theta_only,primary_5pct,ci90_high,0.027928449924442867,,,,81.0,
tost,D_f,Theta_only,primary_5pct,equivalent_at_alpha05,0.0,,,,81.0,"True=90%CI完全落在[-delta,+delta]内,拒绝'存在≥delta的效应'"
tost,D_f,Theta_only,sensitivity_4pct,delta_gcm3,0.0208,,,,81.0,
tost,D_f,Theta_only,sensitivity_4pct,p_tost,0.174,,,,81.0,
tost,D_f,Theta_only,sensitivity_4pct,ci90_low,-0.006588103061418315,,,,81.0,
tost,D_f,Theta_only,sensitivity_4pct,ci90_high,0.027928449924442867,,,,81.0,
tost,D_f,Theta_only,sensitivity_4pct,equivalent_at_alpha05,0.0,,,,81.0,"True=90%CI完全落在[-delta,+delta]内,拒绝'存在≥delta的效应'"
partial_corr,D_f,Theta_plus_precursor,,partial_r,0.11342749832306032,-0.14708432932201776,0.35467193900886396,,81.0,"控制变量=['Theta', 'precursor']; bootstrap 单位=condition_id(27块); n_boot=5000(失败0次,已跳过)"
partial_corr,D_f,Theta_plus_precursor,,slope_gcm3_per_sd,0.008366810081301012,-0.009815295044091843,0.026638281835267456,,81.0,每 1 SD 标准化形状描述子残差对应的 compaction_density 变化(g/cm3)
tost,D_f,Theta_plus_precursor,primary_5pct,delta_gcm3,0.026,,,,81.0,
tost,D_f,Theta_plus_precursor,primary_5pct,p_tost,0.0294,,,,81.0,
tost,D_f,Theta_plus_precursor,primary_5pct,ci90_low,-0.006513264442357603,,,,81.0,
tost,D_f,Theta_plus_precursor,primary_5pct,ci90_high,0.023350622836010842,,,,81.0,
tost,D_f,Theta_plus_precursor,primary_5pct,equivalent_at_alpha05,1.0,,,,81.0,"True=90%CI完全落在[-delta,+delta]内,拒绝'存在≥delta的效应'"
tost,D_f,Theta_plus_precursor,sensitivity_4pct,delta_gcm3,0.0208,,,,81.0,
tost,D_f,Theta_plus_precursor,sensitivity_4pct,p_tost,0.0854,,,,81.0,
tost,D_f,Theta_plus_precursor,sensitivity_4pct,ci90_low,-0.006513264442357603,,,,81.0,
tost,D_f,Theta_plus_precursor,sensitivity_4pct,ci90_high,0.023350622836010842,,,,81.0,
tost,D_f,Theta_plus_precursor,sensitivity_4pct,equivalent_at_alpha05,0.0,,,,81.0,"True=90%CI完全落在[-delta,+delta]内,拒绝'存在≥delta的效应'"
heterogeneity,roughness,S,,rho,0.6758241758241758,,,,27.0,
heterogeneity,roughness,S,,fisher_z,0.821387166350846,,,,27.0,
heterogeneity,roughness,S,,weight,22.641509433962263,,,,27.0,w=(n-3)/1.06
heterogeneity,roughness,M,,rho,0.5622710622710623,,,,27.0,
heterogeneity,roughness,M,,fisher_z,0.6361479977800842,,,,27.0,
heterogeneity,roughness,M,,weight,22.641509433962263,,,,27.0,w=(n-3)/1.06
heterogeneity,roughness,L,,rho,0.5335775335775336,,,,27.0,
heterogeneity,roughness,L,,fisher_z,0.5951333692107844,,,,27.0,
heterogeneity,roughness,L,,weight,22.641509433962263,,,,27.0,w=(n-3)/1.06
heterogeneity,roughness,,,Q_statistic,0.6580115475453647,,,,,"df=2, Cochran's Q(等价于 Fisher-z meta-analysis 异质性检验)"
heterogeneity,roughness,,,Q_df,2.0,,,,,
heterogeneity,roughness,,,Q_p_value,0.7196388617038794,,,,,
heterogeneity,roughness,,,pooled_r,0.5942578302982882,0.418940194402389,0.7268609456624692,,,固定效应加权平均(仅当 Q 检验不显著、同质性假设成立时才有解释力)
