sample_id,precursor,Theta,Lbar_um,Lbar_sd,n_img,cv
C01-L,L,4.174725607225732,0.5800492326915544,0.1318928235355316,3,0.2273821187962275
C01-M,M,4.174725607225732,0.4768912220972063,0.0861459415565392,3,0.1806406525532143
C01-S,S,4.174725607225732,0.6541206779333979,0.0582892777218917,3,0.0891108929716891
C03-L,L,8.188518536743857,0.4347957922717416,0.0140634127286177,3,0.0323448685074402
C03-M,M,8.188518536743857,0.4420687240533716,0.0201661061553901,3,0.0456175817426872
C03-S,S,8.188518536743857,0.7174583086545264,0.0484693114134169,3,0.0675569727588952
C04-L,L,4.078166000601167,0.4395838379288219,0.0194494357440016,3,0.0442451110933495
C04-M,M,4.078166000601167,0.4012518811149767,0.0257169906410319,3,0.0640918880419225
C04-S,S,4.078166000601167,0.6923934069353707,0.1030978642304215,3,0.1489007018231831
C07-L,L,4.054026098945026,0.4459811249568952,0.0413801420176459,3,0.0927845141913695
C07-M,M,4.054026098945026,0.477283506440808,0.0605062959223265,3,0.1267722330770096
C07-S,S,4.054026098945026,0.8160622452255698,0.0232894978127588,3,0.028538874269721
C09-L,L,8.06781902846315,0.3994648151691498,0.0095898932978774,3,0.0240068535042735
C09-M,M,8.06781902846315,0.4484395577440563,0.0318619729705932,3,0.0710507635206844
C09-S,S,8.06781902846315,0.6637414073487119,0.0669473214547174,3,0.1008635602864311
C12-L,L,20.43596685712156,0.4372131765920651,0.0269093252283453,3,0.061547379331279
C12-M,M,20.43596685712156,0.462704001508039,0.0178445721335327,3,0.0385658478754754
C12-S,S,20.43596685712156,0.619148706507731,0.0800860339657991,3,0.1293486251752335
C14-L,L,15.174386742848624,0.43657867558622,0.0351704831851004,3,0.0805593244742771
C14-M,M,15.174386742848624,0.4455724439088784,0.0332961350905711,3,0.0747266478116864
C14-S,S,15.174386742848624,0.6260115566928784,0.0524218532739156,3,0.0837394337428083
C15-L,L,20.174386742848625,0.4465342314181791,0.0251426886566846,3,0.0563062961082114
C15-M,M,20.174386742848625,0.4953670725806369,0.027202236792103,3,0.0549132921782463
C15-S,S,20.174386742848625,0.6445710618454594,0.0713706827295604,3,0.1107258562387525
C16-L,L,10.108991714280393,0.4629365446562408,0.0636832259804891,3,0.1375636179852207
C16-M,M,10.108991714280393,0.5008822533154519,0.0084840825295788,3,0.0169382773564462
C16-S,S,10.108991714280393,0.6415353738135486,0.0788135003872454,3,0.1228513712638256
C17-L,L,15.10899171428039,0.7506020595663604,0.1542238358902296,3,0.2054668434820551
C17-M,M,15.10899171428039,0.6187462028084603,0.0648214472427018,3,0.1047625778525674
C17-S,S,15.10899171428039,0.7353521397706345,0.0455929983940722,3,0.0620015852653848
C18-L,L,20.10899171428039,0.5246370409630587,0.0308558276200771,3,0.0588136658506539
C18-M,M,20.10899171428039,0.5661344161569866,0.0241220941646173,3,0.04260842209234
C18-S,S,20.10899171428039,0.7288834828346861,0.1105615126876205,3,0.1516861271950325
C19-L,L,24.21446407057823,0.8252976419887701,0.1519750408395012,3,0.1841457349536074
C19-M,M,24.21446407057823,1.0380948809159145,0.247471866832807,3,0.2383904124586973
C19-S,S,24.21446407057823,0.9507173070872256,0.0727669081022678,3,0.0765389538612782
C21-L,L,47.33688099936123,0.9967493458516646,0.0555384832064365,3,0.0557196083825689
C21-M,M,47.33688099936123,1.115278703088366,0.3683244715067821,3,0.3302532994549605
C21-S,S,47.33688099936123,0.8547103395633835,0.1759669261307398,3,0.2058790188739614
C24-L,L,46.68165271428408,0.5433789716938747,0.0356244546922387,3,0.0655609741046597
C24-M,M,46.68165271428408,0.6146380049895286,0.0559415102333767,3,0.0910153777983998
C24-S,S,46.68165271428408,0.5976030826183214,0.0163823365358187,3,0.0274134070126305
C25-L,L,23.39542871423181,0.4712431184660423,0.0502260446809936,3,0.1065820225544852
C25-M,M,23.39542871423181,0.4640684768196668,0.0072888428821082,3,0.0157063951683592
C25-S,S,23.39542871423181,0.6962568431041772,0.1214748386825665,3,0.1744684305593114
C26-L,L,34.956637178623296,1.665812301979411,0.7252354611095854,3,0.435364452674422
C26-M,M,34.956637178623296,0.9284262157036594,0.157013719542523,3,0.1691181451867141
C26-S,S,34.956637178623296,1.0507353580006669,0.1401643395088156,3,0.1333964241724191
C27-L,L,46.5178456430148,0.5459214734082022,0.0171922548348236,3,0.0314921754725858
C27-M,M,46.5178456430148,0.487771129904141,0.0455703780845523,3,0.0934257386112787
C27-S,S,46.5178456430148,0.7492368166924946,0.0285802931930954,3,0.0381458739831594
C02-L,L,6.181622071984794,0.4601047838324262,0.0302953005032696,3,0.0658443501737278
C02-M,M,6.181622071984794,0.4043155944306413,0.0084643833261139,3,0.0209350899216082
C02-S,S,6.181622071984794,0.6220557859305664,0.1421965116453918,3,0.2285912531665829
C05-L,L,6.085062465360228,0.4265341523742112,0.0133900033221602,3,0.0313925702024742
C05-M,M,6.085062465360228,0.4894843643833392,0.0373723764924311,3,0.076350501081916
C05-S,S,6.085062465360228,0.6267154550600561,0.0147052290189858,3,0.0234639642285136
C06-L,L,8.091958930119292,0.4061868874845798,0.0480121128711181,3,0.1182020255957692
C06-M,M,8.091958930119292,0.403009276207654,0.021456951318279,3,0.0532418298660281
C06-S,S,8.091958930119292,0.6547125376514127,0.0380112125253559,3,0.0580578656118453
C08-L,L,6.060922563704088,0.4389437362880903,0.0136494062876933,3,0.0310960270287006
C08-M,M,6.060922563704088,0.5103327911972665,0.0103503325746407,3,0.0202815354082152
C08-S,S,6.060922563704088,0.591673272178164,0.0689571395937549,3,0.1165459770388118
C10-L,L,10.435966857121558,0.4621131806312302,0.0175607334860486,3,0.0380009361820438
C10-M,M,10.435966857121558,0.485989312160811,0.03321674807466,3,0.0683487213473304
C10-S,S,10.435966857121558,0.5813985529594238,0.0491870143128464,3,0.0846011983732599
C11-L,L,15.435966857121558,0.4900697027652732,0.069106007656394,3,0.141012609566467
C11-M,M,15.435966857121558,0.5644696160713677,0.1674677095979305,3,0.29668153046657
C11-S,S,15.435966857121558,0.668466557842773,0.0887204154772626,3,0.132722294685279
C13-L,L,10.174386742848624,0.5389812987006256,0.057587558021416,3,0.1068451876906452
C13-M,M,10.174386742848624,0.4730640920386915,0.0113640215245344,3,0.0240221604551736
C13-S,S,10.174386742848624,0.7052296057894155,0.1237838357151579,3,0.1755227442225678
C20-L,L,35.77567253496972,1.7051583865480724,0.402417910974718,3,0.2360003118474959
C20-M,M,35.77567253496972,1.1675897467277794,0.0453073446173342,3,0.0388041645143852
C20-S,S,35.77567253496972,1.1541702197130796,0.1314788837307734,3,0.1139163716799575
C22-L,L,23.55923578550109,0.9533336732601702,0.163495883562323,3,0.1714991174110181
C22-M,M,23.55923578550109,1.1950566197420125,0.2533784248767037,3,0.2120221089871062
C22-S,S,23.55923578550109,0.7707774902085428,0.0627928193986189,3,0.0814668567729315
C23-L,L,35.12044424989258,1.117646386148282,0.1984269564503487,3,0.1775400152584779
C23-M,M,35.12044424989258,1.114552667671976,0.1422953548608774,3,0.1276703730458042
C23-S,S,35.12044424989258,1.0027977169146394,0.2523450371108675,3,0.2516410167818
