peak,theta_level,Theta_h,condition,precursor,delta_2theta,intensity_norm,instrumental_fwhm_deg
003,low,4.05,C07,S,-0.431,0.03274,0.0791
003,low,4.05,C07,S,-0.411,0.03586,0.0791
003,low,4.05,C07,S,-0.391,0.03941,0.0791
003,low,4.05,C07,S,-0.371,0.04361,0.0791
003,low,4.05,C07,S,-0.351,0.0499,0.0791
003,low,4.05,C07,S,-0.331,0.05718,0.0791
003,low,4.05,C07,S,-0.311,0.06729,0.0791
003,low,4.05,C07,S,-0.291,0.07768,0.0791
003,low,4.05,C07,S,-0.271,0.08862,0.0791
003,low,4.05,C07,S,-0.251,0.10547,0.0791
003,low,4.05,C07,S,-0.231,0.12396,0.0791
003,low,4.05,C07,S,-0.211,0.14412,0.0791
003,low,4.05,C07,S,-0.191,0.16986,0.0791
003,low,4.05,C07,S,-0.171,0.20314,0.0791
003,low,4.05,C07,S,-0.151,0.24354,0.0791
003,low,4.05,C07,S,-0.131,0.29508,0.0791
003,low,4.05,C07,S,-0.111,0.36074,0.0791
003,low,4.05,C07,S,-0.091,0.44251,0.0791
003,low,4.05,C07,S,-0.071,0.54201,0.0791
003,low,4.05,C07,S,-0.051,0.65869,0.0791
003,low,4.05,C07,S,-0.031,0.78128,0.0791
003,low,4.05,C07,S,-0.011,0.89194,0.0791
003,low,4.05,C07,S,0.009,0.97128,0.0791
003,low,4.05,C07,S,0.029,1.0,0.0791
003,low,4.05,C07,S,0.049,0.96691,0.0791
003,low,4.05,C07,S,0.069,0.87747,0.0791
003,low,4.05,C07,S,0.089,0.74506,0.0791
003,low,4.05,C07,S,0.109,0.59249,0.0791
003,low,4.05,C07,S,0.129,0.44359,0.0791
003,low,4.05,C07,S,0.149,0.31675,0.0791
003,low,4.05,C07,S,0.169,0.22205,0.0791
003,low,4.05,C07,S,0.189,0.15866,0.0791
003,low,4.05,C07,S,0.209,0.11926,0.0791
003,low,4.05,C07,S,0.229,0.09441,0.0791
003,low,4.05,C07,S,0.249,0.07671,0.0791
003,low,4.05,C07,S,0.269,0.06253,0.0791
003,low,4.05,C07,S,0.289,0.05211,0.0791
003,low,4.05,C07,S,0.309,0.04365,0.0791
003,low,4.05,C07,S,0.329,0.03816,0.0791
003,low,4.05,C07,S,0.349,0.03321,0.0791
003,low,4.05,C07,S,0.369,0.02878,0.0791
003,low,4.05,C07,S,0.389,0.02654,0.0791
003,low,4.05,C07,S,0.409,0.02489,0.0791
003,low,4.05,C07,S,0.429,0.02287,0.0791
003,low,4.05,C07,S,0.449,0.02069,0.0791
003,low,4.05,C07,M,-0.437,0.03427,0.0791
003,low,4.05,C07,M,-0.417,0.03817,0.0791
003,low,4.05,C07,M,-0.397,0.04328,0.0791
003,low,4.05,C07,M,-0.377,0.05065,0.0791
003,low,4.05,C07,M,-0.357,0.05713,0.0791
003,low,4.05,C07,M,-0.337,0.06339,0.0791
003,low,4.05,C07,M,-0.317,0.07244,0.0791
003,low,4.05,C07,M,-0.297,0.08625,0.0791
003,low,4.05,C07,M,-0.277,0.09804,0.0791
003,low,4.05,C07,M,-0.257,0.11242,0.0791
003,low,4.05,C07,M,-0.237,0.13168,0.0791
003,low,4.05,C07,M,-0.217,0.15503,0.0791
003,low,4.05,C07,M,-0.197,0.1852,0.0791
003,low,4.05,C07,M,-0.177,0.22378,0.0791
003,low,4.05,C07,M,-0.157,0.26967,0.0791
003,low,4.05,C07,M,-0.137,0.32214,0.0791
003,low,4.05,C07,M,-0.117,0.39132,0.0791
003,low,4.05,C07,M,-0.097,0.47667,0.0791
003,low,4.05,C07,M,-0.077,0.57096,0.0791
003,low,4.05,C07,M,-0.057,0.67785,0.0791
003,low,4.05,C07,M,-0.037,0.79058,0.0791
003,low,4.05,C07,M,-0.017,0.88952,0.0791
003,low,4.05,C07,M,0.003,0.9636,0.0791
003,low,4.05,C07,M,0.023,1.0,0.0791
003,low,4.05,C07,M,0.043,0.98682,0.0791
003,low,4.05,C07,M,0.063,0.92038,0.0791
003,low,4.05,C07,M,0.083,0.81537,0.0791
003,low,4.05,C07,M,0.103,0.68523,0.0791
003,low,4.05,C07,M,0.123,0.54544,0.0791
003,low,4.05,C07,M,0.143,0.41787,0.0791
003,low,4.05,C07,M,0.163,0.31206,0.0791
003,low,4.05,C07,M,0.183,0.22715,0.0791
003,low,4.05,C07,M,0.203,0.16838,0.0791
003,low,4.05,C07,M,0.223,0.12949,0.0791
003,low,4.05,C07,M,0.243,0.10321,0.0791
003,low,4.05,C07,M,0.263,0.08337,0.0791
003,low,4.05,C07,M,0.283,0.06869,0.0791
003,low,4.05,C07,M,0.303,0.05839,0.0791
003,low,4.05,C07,M,0.323,0.05053,0.0791
003,low,4.05,C07,M,0.343,0.0452,0.0791
003,low,4.05,C07,M,0.363,0.03958,0.0791
003,low,4.05,C07,M,0.383,0.03362,0.0791
003,low,4.05,C07,M,0.403,0.03032,0.0791
003,low,4.05,C07,M,0.423,0.02694,0.0791
003,low,4.05,C07,M,0.443,0.02279,0.0791
003,low,4.05,C07,L,-0.4375,0.02683,0.0791
003,low,4.05,C07,L,-0.4175,0.02983,0.0791
003,low,4.05,C07,L,-0.3975,0.03324,0.0791
003,low,4.05,C07,L,-0.3775,0.03764,0.0791
003,low,4.05,C07,L,-0.3575,0.04484,0.0791
003,low,4.05,C07,L,-0.3375,0.05133,0.0791
003,low,4.05,C07,L,-0.3175,0.05904,0.0791
003,low,4.05,C07,L,-0.2975,0.07125,0.0791
003,low,4.05,C07,L,-0.2775,0.0862,0.0791
003,low,4.05,C07,L,-0.2575,0.10146,0.0791
003,low,4.05,C07,L,-0.2375,0.12071,0.0791
003,low,4.05,C07,L,-0.2175,0.1457,0.0791
003,low,4.05,C07,L,-0.1975,0.1763,0.0791
003,low,4.05,C07,L,-0.1775,0.21277,0.0791
003,low,4.05,C07,L,-0.1575,0.25728,0.0791
003,low,4.05,C07,L,-0.1375,0.31115,0.0791
003,low,4.05,C07,L,-0.1175,0.37892,0.0791
003,low,4.05,C07,L,-0.0975,0.46167,0.0791
003,low,4.05,C07,L,-0.0775,0.55714,0.0791
003,low,4.05,C07,L,-0.0575,0.66571,0.0791
003,low,4.05,C07,L,-0.0375,0.78235,0.0791
003,low,4.05,C07,L,-0.0175,0.88853,0.0791
003,low,4.05,C07,L,0.0025,0.96646,0.0791
003,low,4.05,C07,L,0.0225,1.0,0.0791
003,low,4.05,C07,L,0.0425,0.98213,0.0791
003,low,4.05,C07,L,0.0625,0.90809,0.0791
003,low,4.05,C07,L,0.0825,0.79003,0.0791
003,low,4.05,C07,L,0.1025,0.64682,0.0791
003,low,4.05,C07,L,0.1225,0.49812,0.0791
003,low,4.05,C07,L,0.1425,0.36688,0.0791
003,low,4.05,C07,L,0.1625,0.26301,0.0791
003,low,4.05,C07,L,0.1825,0.18797,0.0791
003,low,4.05,C07,L,0.2025,0.13646,0.0791
003,low,4.05,C07,L,0.2225,0.1022,0.0791
003,low,4.05,C07,L,0.2425,0.08126,0.0791
003,low,4.05,C07,L,0.2625,0.06625,0.0791
003,low,4.05,C07,L,0.2825,0.0549,0.0791
003,low,4.05,C07,L,0.3025,0.04693,0.0791
003,low,4.05,C07,L,0.3225,0.03911,0.0791
003,low,4.05,C07,L,0.3425,0.0317,0.0791
003,low,4.05,C07,L,0.3625,0.02763,0.0791
003,low,4.05,C07,L,0.3825,0.02506,0.0791
003,low,4.05,C07,L,0.4025,0.02036,0.0791
003,low,4.05,C07,L,0.4225,0.01657,0.0791
003,low,4.05,C07,L,0.4425,0.01392,0.0791
003,mid,15.17,C14,S,-0.4462,0.01893,0.0791
003,mid,15.17,C14,S,-0.4262,0.02135,0.0791
003,mid,15.17,C14,S,-0.4062,0.02419,0.0791
003,mid,15.17,C14,S,-0.3862,0.02742,0.0791
003,mid,15.17,C14,S,-0.3662,0.03257,0.0791
003,mid,15.17,C14,S,-0.3462,0.03774,0.0791
003,mid,15.17,C14,S,-0.3262,0.04438,0.0791
003,mid,15.17,C14,S,-0.3062,0.05126,0.0791
003,mid,15.17,C14,S,-0.2862,0.05953,0.0791
003,mid,15.17,C14,S,-0.2662,0.06867,0.0791
003,mid,15.17,C14,S,-0.2462,0.08079,0.0791
003,mid,15.17,C14,S,-0.2262,0.09587,0.0791
003,mid,15.17,C14,S,-0.2062,0.11433,0.0791
003,mid,15.17,C14,S,-0.1862,0.13768,0.0791
003,mid,15.17,C14,S,-0.1662,0.16702,0.0791
003,mid,15.17,C14,S,-0.1462,0.2035,0.0791
003,mid,15.17,C14,S,-0.1262,0.25002,0.0791
003,mid,15.17,C14,S,-0.1062,0.31002,0.0791
003,mid,15.17,C14,S,-0.0862,0.38767,0.0791
003,mid,15.17,C14,S,-0.0662,0.48829,0.0791
003,mid,15.17,C14,S,-0.0462,0.6181,0.0791
003,mid,15.17,C14,S,-0.0262,0.76706,0.0791
003,mid,15.17,C14,S,-0.0062,0.90176,0.0791
003,mid,15.17,C14,S,0.0138,0.98803,0.0791
003,mid,15.17,C14,S,0.0338,1.0,0.0791
003,mid,15.17,C14,S,0.0538,0.93313,0.0791
003,mid,15.17,C14,S,0.0738,0.79966,0.0791
003,mid,15.17,C14,S,0.0938,0.62453,0.0791
003,mid,15.17,C14,S,0.1138,0.43885,0.0791
003,mid,15.17,C14,S,0.1338,0.27524,0.0791
003,mid,15.17,C14,S,0.1538,0.16037,0.0791
003,mid,15.17,C14,S,0.1738,0.0974,0.0791
003,mid,15.17,C14,S,0.1938,0.06937,0.0791
003,mid,15.17,C14,S,0.2138,0.05727,0.0791
003,mid,15.17,C14,S,0.2338,0.04788,0.0791
003,mid,15.17,C14,S,0.2538,0.04027,0.0791
003,mid,15.17,C14,S,0.2738,0.03423,0.0791
003,mid,15.17,C14,S,0.2938,0.02911,0.0791
003,mid,15.17,C14,S,0.3138,0.02653,0.0791
003,mid,15.17,C14,S,0.3338,0.02245,0.0791
003,mid,15.17,C14,S,0.3538,0.02,0.0791
003,mid,15.17,C14,S,0.3738,0.01872,0.0791
003,mid,15.17,C14,S,0.3938,0.01696,0.0791
003,mid,15.17,C14,S,0.4138,0.01449,0.0791
003,mid,15.17,C14,S,0.4338,0.01303,0.0791
003,mid,15.17,C14,M,-0.4344,0.02098,0.0791
003,mid,15.17,C14,M,-0.4144,0.02528,0.0791
003,mid,15.17,C14,M,-0.3944,0.02988,0.0791
003,mid,15.17,C14,M,-0.3744,0.03314,0.0791
003,mid,15.17,C14,M,-0.3544,0.03642,0.0791
003,mid,15.17,C14,M,-0.3344,0.04221,0.0791
003,mid,15.17,C14,M,-0.3144,0.04924,0.0791
003,mid,15.17,C14,M,-0.2944,0.05547,0.0791
003,mid,15.17,C14,M,-0.2744,0.06561,0.0791
003,mid,15.17,C14,M,-0.2544,0.07962,0.0791
003,mid,15.17,C14,M,-0.2344,0.0957,0.0791
003,mid,15.17,C14,M,-0.2144,0.11534,0.0791
003,mid,15.17,C14,M,-0.1944,0.13873,0.0791
003,mid,15.17,C14,M,-0.1744,0.166,0.0791
003,mid,15.17,C14,M,-0.1544,0.20065,0.0791
003,mid,15.17,C14,M,-0.1344,0.24573,0.0791
003,mid,15.17,C14,M,-0.1144,0.30333,0.0791
003,mid,15.17,C14,M,-0.0944,0.37797,0.0791
003,mid,15.17,C14,M,-0.0744,0.47444,0.0791
003,mid,15.17,C14,M,-0.0544,0.59455,0.0791
003,mid,15.17,C14,M,-0.0344,0.72742,0.0791
003,mid,15.17,C14,M,-0.0144,0.85813,0.0791
003,mid,15.17,C14,M,0.0056,0.9579,0.0791
003,mid,15.17,C14,M,0.0256,1.0,0.0791
003,mid,15.17,C14,M,0.0456,0.97195,0.0791
003,mid,15.17,C14,M,0.0656,0.87668,0.0791
003,mid,15.17,C14,M,0.0856,0.7321,0.0791
003,mid,15.17,C14,M,0.1056,0.56195,0.0791
003,mid,15.17,C14,M,0.1256,0.3953,0.0791
003,mid,15.17,C14,M,0.1456,0.25935,0.0791
003,mid,15.17,C14,M,0.1656,0.1636,0.0791
003,mid,15.17,C14,M,0.1856,0.10804,0.0791
003,mid,15.17,C14,M,0.2056,0.07668,0.0791
003,mid,15.17,C14,M,0.2256,0.05977,0.0791
003,mid,15.17,C14,M,0.2456,0.04797,0.0791
003,mid,15.17,C14,M,0.2656,0.03832,0.0791
003,mid,15.17,C14,M,0.2856,0.03188,0.0791
003,mid,15.17,C14,M,0.3056,0.0264,0.0791
003,mid,15.17,C14,M,0.3256,0.02349,0.0791
003,mid,15.17,C14,M,0.3456,0.02237,0.0791
003,mid,15.17,C14,M,0.3656,0.02034,0.0791
003,mid,15.17,C14,M,0.3856,0.01876,0.0791
003,mid,15.17,C14,M,0.4056,0.01624,0.0791
003,mid,15.17,C14,M,0.4256,0.01452,0.0791
003,mid,15.17,C14,M,0.4456,0.01302,0.0791
003,mid,15.17,C14,L,-0.4396,0.01988,0.0791
003,mid,15.17,C14,L,-0.4196,0.02286,0.0791
003,mid,15.17,C14,L,-0.3996,0.02476,0.0791
003,mid,15.17,C14,L,-0.3796,0.02784,0.0791
003,mid,15.17,C14,L,-0.3596,0.03158,0.0791
003,mid,15.17,C14,L,-0.3396,0.03598,0.0791
003,mid,15.17,C14,L,-0.3196,0.04139,0.0791
003,mid,15.17,C14,L,-0.2996,0.04886,0.0791
003,mid,15.17,C14,L,-0.2796,0.05752,0.0791
003,mid,15.17,C14,L,-0.2596,0.06905,0.0791
003,mid,15.17,C14,L,-0.2396,0.08356,0.0791
003,mid,15.17,C14,L,-0.2196,0.10018,0.0791
003,mid,15.17,C14,L,-0.1996,0.12109,0.0791
003,mid,15.17,C14,L,-0.1796,0.14719,0.0791
003,mid,15.17,C14,L,-0.1596,0.18002,0.0791
003,mid,15.17,C14,L,-0.1396,0.22004,0.0791
003,mid,15.17,C14,L,-0.1196,0.27404,0.0791
003,mid,15.17,C14,L,-0.0996,0.3456,0.0791
003,mid,15.17,C14,L,-0.0796,0.43464,0.0791
003,mid,15.17,C14,L,-0.0596,0.54732,0.0791
003,mid,15.17,C14,L,-0.0396,0.6839,0.0791
003,mid,15.17,C14,L,-0.0196,0.82722,0.0791
003,mid,15.17,C14,L,0.0004,0.94349,0.0791
003,mid,15.17,C14,L,0.0204,1.0,0.0791
003,mid,15.17,C14,L,0.0404,0.98593,0.0791
003,mid,15.17,C14,L,0.0604,0.89773,0.0791
003,mid,15.17,C14,L,0.0804,0.75346,0.0791
003,mid,15.17,C14,L,0.1004,0.57767,0.0791
003,mid,15.17,C14,L,0.1204,0.40021,0.0791
003,mid,15.17,C14,L,0.1404,0.25094,0.0791
003,mid,15.17,C14,L,0.1604,0.15177,0.0791
003,mid,15.17,C14,L,0.1804,0.09796,0.0791
003,mid,15.17,C14,L,0.2004,0.06969,0.0791
003,mid,15.17,C14,L,0.2204,0.05514,0.0791
003,mid,15.17,C14,L,0.2404,0.04749,0.0791
003,mid,15.17,C14,L,0.2604,0.03977,0.0791
003,mid,15.17,C14,L,0.2804,0.03261,0.0791
003,mid,15.17,C14,L,0.3004,0.0274,0.0791
003,mid,15.17,C14,L,0.3204,0.02347,0.0791
003,mid,15.17,C14,L,0.3404,0.01975,0.0791
003,mid,15.17,C14,L,0.3604,0.01734,0.0791
003,mid,15.17,C14,L,0.3804,0.01521,0.0791
003,mid,15.17,C14,L,0.4004,0.01319,0.0791
003,mid,15.17,C14,L,0.4204,0.01284,0.0791
003,mid,15.17,C14,L,0.4404,0.01205,0.0791
003,high,47.34,C21,S,-0.4321,0.01282,0.0791
003,high,47.34,C21,S,-0.4121,0.01642,0.0791
003,high,47.34,C21,S,-0.3921,0.01797,0.0791
003,high,47.34,C21,S,-0.3721,0.0199,0.0791
003,high,47.34,C21,S,-0.3521,0.02423,0.0791
003,high,47.34,C21,S,-0.3321,0.02833,0.0791
003,high,47.34,C21,S,-0.3121,0.03104,0.0791
003,high,47.34,C21,S,-0.2921,0.03573,0.0791
003,high,47.34,C21,S,-0.2721,0.04373,0.0791
003,high,47.34,C21,S,-0.2521,0.05245,0.0791
003,high,47.34,C21,S,-0.2321,0.06325,0.0791
003,high,47.34,C21,S,-0.2121,0.07685,0.0791
003,high,47.34,C21,S,-0.1921,0.09185,0.0791
003,high,47.34,C21,S,-0.1721,0.11263,0.0791
003,high,47.34,C21,S,-0.1521,0.14043,0.0791
003,high,47.34,C21,S,-0.1321,0.17269,0.0791
003,high,47.34,C21,S,-0.1121,0.21448,0.0791
003,high,47.34,C21,S,-0.0921,0.27582,0.0791
003,high,47.34,C21,S,-0.0721,0.36552,0.0791
003,high,47.34,C21,S,-0.0521,0.49442,0.0791
003,high,47.34,C21,S,-0.0321,0.66113,0.0791
003,high,47.34,C21,S,-0.0121,0.83547,0.0791
003,high,47.34,C21,S,0.0079,0.96163,0.0791
003,high,47.34,C21,S,0.0279,1.0,0.0791
003,high,47.34,C21,S,0.0479,0.94169,0.0791
003,high,47.34,C21,S,0.0679,0.79774,0.0791
003,high,47.34,C21,S,0.0879,0.59817,0.0791
003,high,47.34,C21,S,0.1079,0.38234,0.0791
003,high,47.34,C21,S,0.1279,0.19227,0.0791
003,high,47.34,C21,S,0.1479,0.06483,0.0791
003,high,47.34,C21,S,0.1679,0.01147,0.0791
003,high,47.34,C21,S,0.1879,0.00985,0.0791
003,high,47.34,C21,S,0.2079,0.02003,0.0791
003,high,47.34,C21,S,0.2279,0.02426,0.0791
003,high,47.34,C21,S,0.2479,0.02261,0.0791
003,high,47.34,C21,S,0.2679,0.01901,0.0791
003,high,47.34,C21,S,0.2879,0.01639,0.0791
003,high,47.34,C21,S,0.3079,0.01524,0.0791
003,high,47.34,C21,S,0.3279,0.01303,0.0791
003,high,47.34,C21,S,0.3479,0.01034,0.0791
003,high,47.34,C21,S,0.3679,0.00884,0.0791
003,high,47.34,C21,S,0.3879,0.00896,0.0791
003,high,47.34,C21,S,0.4079,0.00986,0.0791
003,high,47.34,C21,S,0.4279,0.00953,0.0791
003,high,47.34,C21,S,0.4479,0.00774,0.0791
003,high,47.34,C21,M,-0.4314,0.01347,0.0791
003,high,47.34,C21,M,-0.4114,0.01538,0.0791
003,high,47.34,C21,M,-0.3914,0.0185,0.0791
003,high,47.34,C21,M,-0.3714,0.01962,0.0791
003,high,47.34,C21,M,-0.3514,0.02177,0.0791
003,high,47.34,C21,M,-0.3314,0.02585,0.0791
003,high,47.34,C21,M,-0.3114,0.02976,0.0791
003,high,47.34,C21,M,-0.2914,0.03353,0.0791
003,high,47.34,C21,M,-0.2714,0.0401,0.0791
003,high,47.34,C21,M,-0.2514,0.04832,0.0791
003,high,47.34,C21,M,-0.2314,0.0566,0.0791
003,high,47.34,C21,M,-0.2114,0.06773,0.0791
003,high,47.34,C21,M,-0.1914,0.08329,0.0791
003,high,47.34,C21,M,-0.1714,0.10083,0.0791
003,high,47.34,C21,M,-0.1514,0.12348,0.0791
003,high,47.34,C21,M,-0.1314,0.15169,0.0791
003,high,47.34,C21,M,-0.1114,0.1887,0.0791
003,high,47.34,C21,M,-0.0914,0.24128,0.0791
003,high,47.34,C21,M,-0.0714,0.31762,0.0791
003,high,47.34,C21,M,-0.0514,0.43593,0.0791
003,high,47.34,C21,M,-0.0314,0.60032,0.0791
003,high,47.34,C21,M,-0.0114,0.78678,0.0791
003,high,47.34,C21,M,0.0086,0.93666,0.0791
003,high,47.34,C21,M,0.0286,1.0,0.0791
003,high,47.34,C21,M,0.0486,0.96413,0.0791
003,high,47.34,C21,M,0.0686,0.83525,0.0791
003,high,47.34,C21,M,0.0886,0.64183,0.0791
003,high,47.34,C21,M,0.1086,0.41978,0.0791
003,high,47.34,C21,M,0.1286,0.21235,0.0791
003,high,47.34,C21,M,0.1486,0.06803,0.0791
003,high,47.34,C21,M,0.1686,0.00482,0.0791
003,high,47.34,C21,M,0.1886,-1e-05,0.0791
003,high,47.34,C21,M,0.2086,0.01201,0.0791
003,high,47.34,C21,M,0.2286,0.0185,0.0791
003,high,47.34,C21,M,0.2486,0.01943,0.0791
003,high,47.34,C21,M,0.2686,0.01547,0.0791
003,high,47.34,C21,M,0.2886,0.01368,0.0791
003,high,47.34,C21,M,0.3086,0.01173,0.0791
003,high,47.34,C21,M,0.3286,0.00978,0.0791
003,high,47.34,C21,M,0.3486,0.00869,0.0791
003,high,47.34,C21,M,0.3686,0.00865,0.0791
003,high,47.34,C21,M,0.3886,0.00758,0.0791
003,high,47.34,C21,M,0.4086,0.0061,0.0791
003,high,47.34,C21,M,0.4286,0.00528,0.0791
003,high,47.34,C21,M,0.4486,0.0046,0.0791
003,high,47.34,C21,L,-0.4436,0.00903,0.0791
003,high,47.34,C21,L,-0.4236,0.00922,0.0791
003,high,47.34,C21,L,-0.4036,0.00994,0.0791
003,high,47.34,C21,L,-0.3836,0.01153,0.0791
003,high,47.34,C21,L,-0.3636,0.01265,0.0791
003,high,47.34,C21,L,-0.3436,0.01532,0.0791
003,high,47.34,C21,L,-0.3236,0.01833,0.0791
003,high,47.34,C21,L,-0.3036,0.0209,0.0791
003,high,47.34,C21,L,-0.2836,0.02483,0.0791
003,high,47.34,C21,L,-0.2636,0.02985,0.0791
003,high,47.34,C21,L,-0.2436,0.03641,0.0791
003,high,47.34,C21,L,-0.2236,0.04431,0.0791
003,high,47.34,C21,L,-0.2036,0.05596,0.0791
003,high,47.34,C21,L,-0.1836,0.07046,0.0791
003,high,47.34,C21,L,-0.1636,0.08819,0.0791
003,high,47.34,C21,L,-0.1436,0.11194,0.0791
003,high,47.34,C21,L,-0.1236,0.1435,0.0791
003,high,47.34,C21,L,-0.1036,0.18373,0.0791
003,high,47.34,C21,L,-0.0836,0.23748,0.0791
003,high,47.34,C21,L,-0.0636,0.32651,0.0791
003,high,47.34,C21,L,-0.0436,0.46843,0.0791
003,high,47.34,C21,L,-0.0236,0.66458,0.0791
003,high,47.34,C21,L,-0.0036,0.86,0.0791
003,high,47.34,C21,L,0.0164,0.9821,0.0791
003,high,47.34,C21,L,0.0364,1.0,0.0791
003,high,47.34,C21,L,0.0564,0.91562,0.0791
003,high,47.34,C21,L,0.0764,0.74752,0.0791
003,high,47.34,C21,L,0.0964,0.52412,0.0791
003,high,47.34,C21,L,0.1164,0.28886,0.0791
003,high,47.34,C21,L,0.1364,0.09898,0.0791
003,high,47.34,C21,L,0.1564,-0.00629,0.0791
003,high,47.34,C21,L,0.1764,-0.01217,0.0791
003,high,47.34,C21,L,0.1964,-0.00696,0.0791
003,high,47.34,C21,L,0.2164,2e-05,0.0791
003,high,47.34,C21,L,0.2364,0.00883,0.0791
003,high,47.34,C21,L,0.2564,0.01151,0.0791
003,high,47.34,C21,L,0.2764,0.00777,0.0791
003,high,47.34,C21,L,0.2964,0.00489,0.0791
003,high,47.34,C21,L,0.3164,0.00555,0.0791
003,high,47.34,C21,L,0.3364,0.00621,0.0791
003,high,47.34,C21,L,0.3564,0.00572,0.0791
003,high,47.34,C21,L,0.3764,0.00355,0.0791
003,high,47.34,C21,L,0.3964,0.00282,0.0791
003,high,47.34,C21,L,0.4164,0.00278,0.0791
003,high,47.34,C21,L,0.4364,0.00343,0.0791
104,low,4.05,C07,S,-0.4418,0.01812,0.0752
104,low,4.05,C07,S,-0.4218,0.02063,0.0752
104,low,4.05,C07,S,-0.4018,0.02468,0.0752
104,low,4.05,C07,S,-0.3818,0.02909,0.0752
104,low,4.05,C07,S,-0.3618,0.03412,0.0752
104,low,4.05,C07,S,-0.3418,0.03975,0.0752
104,low,4.05,C07,S,-0.3218,0.04768,0.0752
104,low,4.05,C07,S,-0.3018,0.0559,0.0752
104,low,4.05,C07,S,-0.2818,0.06648,0.0752
104,low,4.05,C07,S,-0.2618,0.08018,0.0752
104,low,4.05,C07,S,-0.2418,0.09729,0.0752
104,low,4.05,C07,S,-0.2218,0.11938,0.0752
104,low,4.05,C07,S,-0.2018,0.14873,0.0752
104,low,4.05,C07,S,-0.1818,0.18577,0.0752
104,low,4.05,C07,S,-0.1618,0.23509,0.0752
104,low,4.05,C07,S,-0.1418,0.2992,0.0752
104,low,4.05,C07,S,-0.1218,0.38375,0.0752
104,low,4.05,C07,S,-0.1018,0.48881,0.0752
104,low,4.05,C07,S,-0.0818,0.61308,0.0752
104,low,4.05,C07,S,-0.0618,0.7449,0.0752
104,low,4.05,C07,S,-0.0418,0.8656,0.0752
104,low,4.05,C07,S,-0.0218,0.95693,0.0752
104,low,4.05,C07,S,-0.0018,1.0,0.0752
104,low,4.05,C07,S,0.0182,0.98749,0.0752
104,low,4.05,C07,S,0.0382,0.92255,0.0752
104,low,4.05,C07,S,0.0582,0.814,0.0752
104,low,4.05,C07,S,0.0782,0.68351,0.0752
104,low,4.05,C07,S,0.0982,0.54904,0.0752
104,low,4.05,C07,S,0.1182,0.42775,0.0752
104,low,4.05,C07,S,0.1382,0.32805,0.0752
104,low,4.05,C07,S,0.1582,0.25027,0.0752
104,low,4.05,C07,S,0.1782,0.19172,0.0752
104,low,4.05,C07,S,0.1982,0.14825,0.0752
104,low,4.05,C07,S,0.2182,0.11647,0.0752
104,low,4.05,C07,S,0.2382,0.0923,0.0752
104,low,4.05,C07,S,0.2582,0.07444,0.0752
104,low,4.05,C07,S,0.2782,0.06192,0.0752
104,low,4.05,C07,S,0.2982,0.05237,0.0752
104,low,4.05,C07,S,0.3182,0.04472,0.0752
104,low,4.05,C07,S,0.3382,0.03961,0.0752
104,low,4.05,C07,S,0.3582,0.03411,0.0752
104,low,4.05,C07,S,0.3782,0.03039,0.0752
104,low,4.05,C07,S,0.3982,0.02689,0.0752
104,low,4.05,C07,S,0.4182,0.0236,0.0752
104,low,4.05,C07,S,0.4382,0.01954,0.0752
104,low,4.05,C07,M,-0.4466,0.02556,0.0752
104,low,4.05,C07,M,-0.4266,0.02826,0.0752
104,low,4.05,C07,M,-0.4066,0.03297,0.0752
104,low,4.05,C07,M,-0.3866,0.0386,0.0752
104,low,4.05,C07,M,-0.3666,0.0452,0.0752
104,low,4.05,C07,M,-0.3466,0.05351,0.0752
104,low,4.05,C07,M,-0.3266,0.06302,0.0752
104,low,4.05,C07,M,-0.3066,0.07342,0.0752
104,low,4.05,C07,M,-0.2866,0.08681,0.0752
104,low,4.05,C07,M,-0.2666,0.10489,0.0752
104,low,4.05,C07,M,-0.2466,0.12624,0.0752
104,low,4.05,C07,M,-0.2266,0.15402,0.0752
104,low,4.05,C07,M,-0.2066,0.18811,0.0752
104,low,4.05,C07,M,-0.1866,0.23277,0.0752
104,low,4.05,C07,M,-0.1666,0.2889,0.0752
104,low,4.05,C07,M,-0.1466,0.3596,0.0752
104,low,4.05,C07,M,-0.1266,0.446,0.0752
104,low,4.05,C07,M,-0.1066,0.54987,0.0752
104,low,4.05,C07,M,-0.0866,0.66481,0.0752
104,low,4.05,C07,M,-0.0666,0.78042,0.0752
104,low,4.05,C07,M,-0.0466,0.88381,0.0752
104,low,4.05,C07,M,-0.0266,0.96117,0.0752
104,low,4.05,C07,M,-0.0066,1.0,0.0752
104,low,4.05,C07,M,0.0134,0.99488,0.0752
104,low,4.05,C07,M,0.0334,0.9439,0.0752
104,low,4.05,C07,M,0.0534,0.85691,0.0752
104,low,4.05,C07,M,0.0734,0.74607,0.0752
104,low,4.05,C07,M,0.0934,0.62813,0.0752
104,low,4.05,C07,M,0.1134,0.51327,0.0752
104,low,4.05,C07,M,0.1334,0.4103,0.0752
104,low,4.05,C07,M,0.1534,0.32438,0.0752
104,low,4.05,C07,M,0.1734,0.25651,0.0752
104,low,4.05,C07,M,0.1934,0.20464,0.0752
104,low,4.05,C07,M,0.2134,0.16476,0.0752
104,low,4.05,C07,M,0.2334,0.13227,0.0752
104,low,4.05,C07,M,0.2534,0.10805,0.0752
104,low,4.05,C07,M,0.2734,0.08974,0.0752
104,low,4.05,C07,M,0.2934,0.07399,0.0752
104,low,4.05,C07,M,0.3134,0.06226,0.0752
104,low,4.05,C07,M,0.3334,0.05312,0.0752
104,low,4.05,C07,M,0.3534,0.04472,0.0752
104,low,4.05,C07,M,0.3734,0.03934,0.0752
104,low,4.05,C07,M,0.3934,0.03575,0.0752
104,low,4.05,C07,M,0.4134,0.0336,0.0752
104,low,4.05,C07,M,0.4334,0.03041,0.0752
104,low,4.05,C07,L,-0.4406,0.02877,0.0752
104,low,4.05,C07,L,-0.4206,0.03252,0.0752
104,low,4.05,C07,L,-0.4006,0.03673,0.0752
104,low,4.05,C07,L,-0.3806,0.04197,0.0752
104,low,4.05,C07,L,-0.3606,0.04814,0.0752
104,low,4.05,C07,L,-0.3406,0.05631,0.0752
104,low,4.05,C07,L,-0.3206,0.06656,0.0752
104,low,4.05,C07,L,-0.3006,0.07886,0.0752
104,low,4.05,C07,L,-0.2806,0.09387,0.0752
104,low,4.05,C07,L,-0.2606,0.11301,0.0752
104,low,4.05,C07,L,-0.2406,0.13754,0.0752
104,low,4.05,C07,L,-0.2206,0.16749,0.0752
104,low,4.05,C07,L,-0.2006,0.20776,0.0752
104,low,4.05,C07,L,-0.1806,0.25846,0.0752
104,low,4.05,C07,L,-0.1606,0.32336,0.0752
104,low,4.05,C07,L,-0.1406,0.40471,0.0752
104,low,4.05,C07,L,-0.1206,0.50371,0.0752
104,low,4.05,C07,L,-0.1006,0.61683,0.0752
104,low,4.05,C07,L,-0.0806,0.73581,0.0752
104,low,4.05,C07,L,-0.0606,0.84748,0.0752
104,low,4.05,C07,L,-0.0406,0.9373,0.0752
104,low,4.05,C07,L,-0.0206,0.99077,0.0752
104,low,4.05,C07,L,-0.0006,1.0,0.0752
104,low,4.05,C07,L,0.0194,0.96263,0.0752
104,low,4.05,C07,L,0.0394,0.88351,0.0752
104,low,4.05,C07,L,0.0594,0.77805,0.0752
104,low,4.05,C07,L,0.0794,0.65915,0.0752
104,low,4.05,C07,L,0.0994,0.54257,0.0752
104,low,4.05,C07,L,0.1194,0.43815,0.0752
104,low,4.05,C07,L,0.1394,0.3502,0.0752
104,low,4.05,C07,L,0.1594,0.27973,0.0752
104,low,4.05,C07,L,0.1794,0.22366,0.0752
104,low,4.05,C07,L,0.1994,0.1792,0.0752
104,low,4.05,C07,L,0.2194,0.14472,0.0752
104,low,4.05,C07,L,0.2394,0.11677,0.0752
104,low,4.05,C07,L,0.2594,0.09626,0.0752
104,low,4.05,C07,L,0.2794,0.07952,0.0752
104,low,4.05,C07,L,0.2994,0.06811,0.0752
104,low,4.05,C07,L,0.3194,0.05895,0.0752
104,low,4.05,C07,L,0.3394,0.05168,0.0752
104,low,4.05,C07,L,0.3594,0.04545,0.0752
104,low,4.05,C07,L,0.3794,0.04062,0.0752
104,low,4.05,C07,L,0.3994,0.0352,0.0752
104,low,4.05,C07,L,0.4194,0.03081,0.0752
104,low,4.05,C07,L,0.4394,0.02643,0.0752
104,mid,15.17,C14,S,-0.4349,0.0093,0.0752
104,mid,15.17,C14,S,-0.4149,0.01038,0.0752
104,mid,15.17,C14,S,-0.3949,0.01353,0.0752
104,mid,15.17,C14,S,-0.3749,0.01688,0.0752
104,mid,15.17,C14,S,-0.3549,0.01996,0.0752
104,mid,15.17,C14,S,-0.3349,0.02277,0.0752
104,mid,15.17,C14,S,-0.3149,0.02628,0.0752
104,mid,15.17,C14,S,-0.2949,0.03166,0.0752
104,mid,15.17,C14,S,-0.2749,0.0376,0.0752
104,mid,15.17,C14,S,-0.2549,0.04568,0.0752
104,mid,15.17,C14,S,-0.2349,0.05746,0.0752
104,mid,15.17,C14,S,-0.2149,0.07125,0.0752
104,mid,15.17,C14,S,-0.1949,0.09034,0.0752
104,mid,15.17,C14,S,-0.1749,0.11494,0.0752
104,mid,15.17,C14,S,-0.1549,0.1503,0.0752
104,mid,15.17,C14,S,-0.1349,0.20214,0.0752
104,mid,15.17,C14,S,-0.1149,0.27916,0.0752
104,mid,15.17,C14,S,-0.0949,0.39385,0.0752
104,mid,15.17,C14,S,-0.0749,0.54555,0.0752
104,mid,15.17,C14,S,-0.0549,0.71617,0.0752
104,mid,15.17,C14,S,-0.0349,0.87032,0.0752
104,mid,15.17,C14,S,-0.0149,0.97199,0.0752
104,mid,15.17,C14,S,0.0051,1.0,0.0752
104,mid,15.17,C14,S,0.0251,0.94769,0.0752
104,mid,15.17,C14,S,0.0451,0.82715,0.0752
104,mid,15.17,C14,S,0.0651,0.66054,0.0752
104,mid,15.17,C14,S,0.0851,0.48324,0.0752
104,mid,15.17,C14,S,0.1051,0.32887,0.0752
104,mid,15.17,C14,S,0.1251,0.21808,0.0752
104,mid,15.17,C14,S,0.1451,0.14892,0.0752
104,mid,15.17,C14,S,0.1651,0.10711,0.0752
104,mid,15.17,C14,S,0.1851,0.08014,0.0752
104,mid,15.17,C14,S,0.2051,0.06135,0.0752
104,mid,15.17,C14,S,0.2251,0.04766,0.0752
104,mid,15.17,C14,S,0.2451,0.03839,0.0752
104,mid,15.17,C14,S,0.2651,0.03167,0.0752
104,mid,15.17,C14,S,0.2851,0.02789,0.0752
104,mid,15.17,C14,S,0.3051,0.02369,0.0752
104,mid,15.17,C14,S,0.3251,0.02111,0.0752
104,mid,15.17,C14,S,0.3451,0.01905,0.0752
104,mid,15.17,C14,S,0.3651,0.01682,0.0752
104,mid,15.17,C14,S,0.3851,0.01481,0.0752
104,mid,15.17,C14,S,0.4051,0.01211,0.0752
104,mid,15.17,C14,S,0.4251,0.01046,0.0752
104,mid,15.17,C14,S,0.4451,0.00917,0.0752
104,mid,15.17,C14,M,-0.4452,0.01356,0.0752
104,mid,15.17,C14,M,-0.4252,0.01529,0.0752
104,mid,15.17,C14,M,-0.4052,0.01744,0.0752
104,mid,15.17,C14,M,-0.3852,0.02001,0.0752
104,mid,15.17,C14,M,-0.3652,0.02357,0.0752
104,mid,15.17,C14,M,-0.3452,0.02835,0.0752
104,mid,15.17,C14,M,-0.3252,0.03345,0.0752
104,mid,15.17,C14,M,-0.3052,0.041,0.0752
104,mid,15.17,C14,M,-0.2852,0.04962,0.0752
104,mid,15.17,C14,M,-0.2652,0.05997,0.0752
104,mid,15.17,C14,M,-0.2452,0.07237,0.0752
104,mid,15.17,C14,M,-0.2252,0.08871,0.0752
104,mid,15.17,C14,M,-0.2052,0.11095,0.0752
104,mid,15.17,C14,M,-0.1852,0.14043,0.0752
104,mid,15.17,C14,M,-0.1652,0.18224,0.0752
104,mid,15.17,C14,M,-0.1452,0.24034,0.0752
104,mid,15.17,C14,M,-0.1252,0.32106,0.0752
104,mid,15.17,C14,M,-0.1052,0.43009,0.0752
104,mid,15.17,C14,M,-0.0852,0.56516,0.0752
104,mid,15.17,C14,M,-0.0652,0.71383,0.0752
104,mid,15.17,C14,M,-0.0452,0.85311,0.0752
104,mid,15.17,C14,M,-0.0252,0.95472,0.0752
104,mid,15.17,C14,M,-0.0052,1.0,0.0752
104,mid,15.17,C14,M,0.0148,0.97791,0.0752
104,mid,15.17,C14,M,0.0348,0.8947,0.0752
104,mid,15.17,C14,M,0.0548,0.76449,0.0752
104,mid,15.17,C14,M,0.0748,0.61168,0.0752
104,mid,15.17,C14,M,0.0948,0.46333,0.0752
104,mid,15.17,C14,M,0.1148,0.3379,0.0752
104,mid,15.17,C14,M,0.1348,0.244,0.0752
104,mid,15.17,C14,M,0.1548,0.17863,0.0752
104,mid,15.17,C14,M,0.1748,0.133,0.0752
104,mid,15.17,C14,M,0.1948,0.10172,0.0752
104,mid,15.17,C14,M,0.2148,0.08008,0.0752
104,mid,15.17,C14,M,0.2348,0.06681,0.0752
104,mid,15.17,C14,M,0.2548,0.05604,0.0752
104,mid,15.17,C14,M,0.2748,0.04709,0.0752
104,mid,15.17,C14,M,0.2948,0.0401,0.0752
104,mid,15.17,C14,M,0.3148,0.03482,0.0752
104,mid,15.17,C14,M,0.3348,0.02965,0.0752
104,mid,15.17,C14,M,0.3548,0.02599,0.0752
104,mid,15.17,C14,M,0.3748,0.023,0.0752
104,mid,15.17,C14,M,0.3948,0.01962,0.0752
104,mid,15.17,C14,M,0.4148,0.0172,0.0752
104,mid,15.17,C14,M,0.4348,0.01487,0.0752
104,mid,15.17,C14,L,-0.4352,0.01136,0.0752
104,mid,15.17,C14,L,-0.4152,0.01294,0.0752
104,mid,15.17,C14,L,-0.3952,0.01506,0.0752
104,mid,15.17,C14,L,-0.3752,0.01806,0.0752
104,mid,15.17,C14,L,-0.3552,0.02211,0.0752
104,mid,15.17,C14,L,-0.3352,0.02746,0.0752
104,mid,15.17,C14,L,-0.3152,0.0336,0.0752
104,mid,15.17,C14,L,-0.2952,0.04122,0.0752
104,mid,15.17,C14,L,-0.2752,0.04978,0.0752
104,mid,15.17,C14,L,-0.2552,0.06091,0.0752
104,mid,15.17,C14,L,-0.2352,0.07486,0.0752
104,mid,15.17,C14,L,-0.2152,0.09338,0.0752
104,mid,15.17,C14,L,-0.1952,0.11799,0.0752
104,mid,15.17,C14,L,-0.1752,0.15094,0.0752
104,mid,15.17,C14,L,-0.1552,0.19912,0.0752
104,mid,15.17,C14,L,-0.1352,0.26706,0.0752
104,mid,15.17,C14,L,-0.1152,0.36103,0.0752
104,mid,15.17,C14,L,-0.0952,0.48755,0.0752
104,mid,15.17,C14,L,-0.0752,0.63862,0.0752
104,mid,15.17,C14,L,-0.0552,0.79309,0.0752
104,mid,15.17,C14,L,-0.0352,0.92157,0.0752
104,mid,15.17,C14,L,-0.0152,0.9956,0.0752
104,mid,15.17,C14,L,0.0048,1.0,0.0752
104,mid,15.17,C14,L,0.0248,0.93343,0.0752
104,mid,15.17,C14,L,0.0448,0.81229,0.0752
104,mid,15.17,C14,L,0.0648,0.65637,0.0752
104,mid,15.17,C14,L,0.0848,0.49651,0.0752
104,mid,15.17,C14,L,0.1048,0.35892,0.0752
104,mid,15.17,C14,L,0.1248,0.25528,0.0752
104,mid,15.17,C14,L,0.1448,0.18478,0.0752
104,mid,15.17,C14,L,0.1648,0.13775,0.0752
104,mid,15.17,C14,L,0.1848,0.10429,0.0752
104,mid,15.17,C14,L,0.2048,0.07992,0.0752
104,mid,15.17,C14,L,0.2248,0.06181,0.0752
104,mid,15.17,C14,L,0.2448,0.05062,0.0752
104,mid,15.17,C14,L,0.2648,0.04176,0.0752
104,mid,15.17,C14,L,0.2848,0.03635,0.0752
104,mid,15.17,C14,L,0.3048,0.03159,0.0752
104,mid,15.17,C14,L,0.3248,0.0285,0.0752
104,mid,15.17,C14,L,0.3448,0.02627,0.0752
104,mid,15.17,C14,L,0.3648,0.0235,0.0752
104,mid,15.17,C14,L,0.3848,0.02158,0.0752
104,mid,15.17,C14,L,0.4048,0.01869,0.0752
104,mid,15.17,C14,L,0.4248,0.01543,0.0752
104,mid,15.17,C14,L,0.4448,0.01304,0.0752
104,high,47.34,C21,S,-0.4461,0.00597,0.0752
104,high,47.34,C21,S,-0.4261,0.00611,0.0752
104,high,47.34,C21,S,-0.4061,0.00627,0.0752
104,high,47.34,C21,S,-0.3861,0.007,0.0752
104,high,47.34,C21,S,-0.3661,0.00821,0.0752
104,high,47.34,C21,S,-0.3461,0.00943,0.0752
104,high,47.34,C21,S,-0.3261,0.01126,0.0752
104,high,47.34,C21,S,-0.3061,0.01353,0.0752
104,high,47.34,C21,S,-0.2861,0.01506,0.0752
104,high,47.34,C21,S,-0.2661,0.01773,0.0752
104,high,47.34,C21,S,-0.2461,0.02123,0.0752
104,high,47.34,C21,S,-0.2261,0.02536,0.0752
104,high,47.34,C21,S,-0.2061,0.03054,0.0752
104,high,47.34,C21,S,-0.1861,0.03756,0.0752
104,high,47.34,C21,S,-0.1661,0.04655,0.0752
104,high,47.34,C21,S,-0.1461,0.05867,0.0752
104,high,47.34,C21,S,-0.1261,0.08273,0.0752
104,high,47.34,C21,S,-0.1061,0.13887,0.0752
104,high,47.34,C21,S,-0.0861,0.26077,0.0752
104,high,47.34,C21,S,-0.0661,0.45598,0.0752
104,high,47.34,C21,S,-0.0461,0.68157,0.0752
104,high,47.34,C21,S,-0.0261,0.87572,0.0752
104,high,47.34,C21,S,-0.0061,0.98925,0.0752
104,high,47.34,C21,S,0.0139,1.0,0.0752
104,high,47.34,C21,S,0.0339,0.90832,0.0752
104,high,47.34,C21,S,0.0539,0.73054,0.0752
104,high,47.34,C21,S,0.0739,0.50513,0.0752
104,high,47.34,C21,S,0.0939,0.28765,0.0752
104,high,47.34,C21,S,0.1139,0.13503,0.0752
104,high,47.34,C21,S,0.1339,0.06014,0.0752
104,high,47.34,C21,S,0.1539,0.03377,0.0752
104,high,47.34,C21,S,0.1739,0.02464,0.0752
104,high,47.34,C21,S,0.1939,0.01781,0.0752
104,high,47.34,C21,S,0.2139,0.01269,0.0752
104,high,47.34,C21,S,0.2339,0.01012,0.0752
104,high,47.34,C21,S,0.2539,0.0095,0.0752
104,high,47.34,C21,S,0.2739,0.01069,0.0752
104,high,47.34,C21,S,0.2939,0.01184,0.0752
104,high,47.34,C21,S,0.3139,0.0124,0.0752
104,high,47.34,C21,S,0.3339,0.0118,0.0752
104,high,47.34,C21,S,0.3539,0.00979,0.0752
104,high,47.34,C21,S,0.3739,0.00674,0.0752
104,high,47.34,C21,S,0.3939,0.00421,0.0752
104,high,47.34,C21,S,0.4139,0.00256,0.0752
104,high,47.34,C21,S,0.4339,0.00124,0.0752
104,high,47.34,C21,M,-0.432,0.00506,0.0752
104,high,47.34,C21,M,-0.412,0.00553,0.0752
104,high,47.34,C21,M,-0.392,0.0053,0.0752
104,high,47.34,C21,M,-0.372,0.00609,0.0752
104,high,47.34,C21,M,-0.352,0.007,0.0752
104,high,47.34,C21,M,-0.332,0.00891,0.0752
104,high,47.34,C21,M,-0.312,0.01068,0.0752
104,high,47.34,C21,M,-0.292,0.01323,0.0752
104,high,47.34,C21,M,-0.272,0.01546,0.0752
104,high,47.34,C21,M,-0.252,0.01822,0.0752
104,high,47.34,C21,M,-0.232,0.02207,0.0752
104,high,47.34,C21,M,-0.212,0.02707,0.0752
104,high,47.34,C21,M,-0.192,0.03244,0.0752
104,high,47.34,C21,M,-0.172,0.0386,0.0752
104,high,47.34,C21,M,-0.152,0.04592,0.0752
104,high,47.34,C21,M,-0.132,0.05757,0.0752
104,high,47.34,C21,M,-0.112,0.09005,0.0752
104,high,47.34,C21,M,-0.092,0.17722,0.0752
104,high,47.34,C21,M,-0.072,0.34444,0.0752
104,high,47.34,C21,M,-0.052,0.56774,0.0752
104,high,47.34,C21,M,-0.032,0.78856,0.0752
104,high,47.34,C21,M,-0.012,0.94377,0.0752
104,high,47.34,C21,M,0.008,1.0,0.0752
104,high,47.34,C21,M,0.028,0.94831,0.0752
104,high,47.34,C21,M,0.048,0.80033,0.0752
104,high,47.34,C21,M,0.068,0.58407,0.0752
104,high,47.34,C21,M,0.088,0.35239,0.0752
104,high,47.34,C21,M,0.108,0.16765,0.0752
104,high,47.34,C21,M,0.128,0.06525,0.0752
104,high,47.34,C21,M,0.148,0.02881,0.0752
104,high,47.34,C21,M,0.168,0.0219,0.0752
104,high,47.34,C21,M,0.188,0.01763,0.0752
104,high,47.34,C21,M,0.208,0.01346,0.0752
104,high,47.34,C21,M,0.228,0.01061,0.0752
104,high,47.34,C21,M,0.248,0.00996,0.0752
104,high,47.34,C21,M,0.268,0.01078,0.0752
104,high,47.34,C21,M,0.288,0.01156,0.0752
104,high,47.34,C21,M,0.308,0.0108,0.0752
104,high,47.34,C21,M,0.328,0.00964,0.0752
104,high,47.34,C21,M,0.348,0.00782,0.0752
104,high,47.34,C21,M,0.368,0.00529,0.0752
104,high,47.34,C21,M,0.388,0.00301,0.0752
104,high,47.34,C21,M,0.408,0.00246,0.0752
104,high,47.34,C21,M,0.428,0.00261,0.0752
104,high,47.34,C21,M,0.448,0.00256,0.0752
104,high,47.34,C21,L,-0.449,0.00221,0.0752
104,high,47.34,C21,L,-0.429,0.00208,0.0752
104,high,47.34,C21,L,-0.409,0.00216,0.0752
104,high,47.34,C21,L,-0.389,0.00271,0.0752
104,high,47.34,C21,L,-0.369,0.00283,0.0752
104,high,47.34,C21,L,-0.349,0.00351,0.0752
104,high,47.34,C21,L,-0.329,0.00478,0.0752
104,high,47.34,C21,L,-0.309,0.0061,0.0752
104,high,47.34,C21,L,-0.289,0.00806,0.0752
104,high,47.34,C21,L,-0.269,0.01052,0.0752
104,high,47.34,C21,L,-0.249,0.01338,0.0752
104,high,47.34,C21,L,-0.229,0.01619,0.0752
104,high,47.34,C21,L,-0.209,0.01934,0.0752
104,high,47.34,C21,L,-0.189,0.02291,0.0752
104,high,47.34,C21,L,-0.169,0.02642,0.0752
104,high,47.34,C21,L,-0.149,0.0318,0.0752
104,high,47.34,C21,L,-0.129,0.04462,0.0752
104,high,47.34,C21,L,-0.109,0.08852,0.0752
104,high,47.34,C21,L,-0.089,0.20986,0.0752
104,high,47.34,C21,L,-0.069,0.42237,0.0752
104,high,47.34,C21,L,-0.049,0.67516,0.0752
104,high,47.34,C21,L,-0.029,0.88649,0.0752
104,high,47.34,C21,L,-0.009,1.0,0.0752
104,high,47.34,C21,L,0.011,0.99883,0.0752
104,high,47.34,C21,L,0.031,0.88925,0.0752
104,high,47.34,C21,L,0.051,0.69221,0.0752
104,high,47.34,C21,L,0.071,0.44518,0.0752
104,high,47.34,C21,L,0.091,0.21258,0.0752
104,high,47.34,C21,L,0.111,0.06441,0.0752
104,high,47.34,C21,L,0.131,0.01293,0.0752
104,high,47.34,C21,L,0.151,0.01278,0.0752
104,high,47.34,C21,L,0.171,0.01659,0.0752
104,high,47.34,C21,L,0.191,0.01188,0.0752
104,high,47.34,C21,L,0.211,0.00616,0.0752
104,high,47.34,C21,L,0.231,0.0037,0.0752
104,high,47.34,C21,L,0.251,0.00447,0.0752
104,high,47.34,C21,L,0.271,0.00563,0.0752
104,high,47.34,C21,L,0.291,0.00659,0.0752
104,high,47.34,C21,L,0.311,0.00775,0.0752
104,high,47.34,C21,L,0.331,0.00794,0.0752
104,high,47.34,C21,L,0.351,0.0068,0.0752
104,high,47.34,C21,L,0.371,0.00505,0.0752
104,high,47.34,C21,L,0.391,0.00394,0.0752
104,high,47.34,C21,L,0.411,0.00293,0.0752
104,high,47.34,C21,L,0.431,0.00215,0.0752
